,date,daily_evap_mm,daily_evap_m3
1,7/1/11,0,0
2,7/2/11,0,0
3,7/3/11,0,0
4,7/4/11,0,0
5,7/5/11,0,0
6,7/6/11,0,0
7,7/7/11,0,0
8,7/8/11,0,0
9,7/9/11,0,0
10,7/10/11,0,0
11,7/11/11,0,0
12,7/12/11,0,0
13,7/13/11,0,0
14,7/14/11,0,0
15,7/15/11,0,0
16,7/16/11,0,0
17,7/17/11,0,0
18,7/18/11,0,0
19,7/19/11,0,0
20,7/20/11,0,0
21,7/21/11,0,0
22,7/22/11,0,0
23,7/23/11,0,0
24,7/24/11,0,0
25,7/25/11,0,0
26,7/26/11,0,0
27,7/27/11,0,0
28,7/28/11,0,0
29,7/29/11,0,0
30,7/30/11,0,0
31,7/31/11,0,0
32,8/1/11,0,0
33,8/2/11,0,0
34,8/3/11,0,0
35,8/4/11,0,0
36,8/5/11,0,0
37,8/6/11,0,0
38,8/7/11,0,0
39,8/8/11,0,0
40,8/9/11,0,0
41,8/10/11,0,0
42,8/11/11,0,0
43,8/12/11,0,0
44,8/13/11,0,0
45,8/14/11,0,0
46,8/15/11,0,0
47,8/16/11,0,0
48,8/17/11,0,0
49,8/18/11,0,0
50,8/19/11,0,0
51,8/20/11,0,0
52,8/21/11,0,0
53,8/22/11,0,0
54,8/23/11,0,0
55,8/24/11,0,0
56,8/25/11,0,0
57,8/26/11,0,0
58,8/27/11,0,0
59,8/28/11,0,0
60,8/29/11,0,0
61,8/30/11,0,0
62,8/31/11,0,0
63,9/1/11,0,0
64,9/2/11,0,0
65,9/3/11,0,0
66,9/4/11,0,0
67,9/5/11,0,0
68,9/6/11,0,0
69,9/7/11,0,0
70,9/8/11,0,0
71,9/9/11,0,0
72,9/10/11,0,0
73,9/11/11,0,0
74,9/12/11,0,0
75,9/13/11,0,0
76,9/14/11,0,0
77,9/15/11,0,0
78,9/16/11,0,0
79,9/17/11,0,0
80,9/18/11,0,0
81,9/19/11,0,0
82,9/20/11,0,0
83,9/21/11,0,0
84,9/22/11,0,0
85,9/23/11,0,0
86,9/24/11,0,0
87,9/25/11,0,0
88,9/26/11,0,0
89,9/27/11,0,0
90,9/28/11,0,0
91,9/29/11,0,0
92,9/30/11,0,0
93,10/1/11,0,0
94,10/2/11,0,0
95,10/3/11,0,0
96,10/4/11,0,0
97,10/5/11,0,0
98,10/6/11,0,0
99,10/7/11,0,0
100,10/8/11,0,0
101,10/9/11,0,0
102,10/10/11,0,0
103,10/11/11,0,0
104,10/12/11,0,0
105,10/13/11,0,0
106,10/14/11,0,0
107,10/15/11,0,0
108,10/16/11,0,0
109,10/17/11,0,0
110,10/18/11,0,0
111,10/19/11,0,0
112,10/20/11,0,0
113,10/21/11,0,0
114,10/22/11,0,0
115,10/23/11,0,0
116,10/24/11,0,0
117,10/25/11,0,0
118,10/26/11,0,0
119,10/27/11,0,0
120,10/28/11,0,0
121,10/29/11,0,0
122,10/30/11,0,0
123,10/31/11,0,0
124,11/1/11,0,0
125,11/2/11,0,0
126,11/3/11,0,0
127,11/4/11,0,0
128,11/5/11,0,0
129,11/6/11,0,0
130,11/7/11,0,0
131,11/8/11,0,0
132,11/9/11,0,0
133,11/10/11,0,0
134,11/11/11,0,0
135,11/12/11,0,0
136,11/13/11,0,0
137,11/14/11,0,0
138,11/15/11,0,0
139,11/16/11,0,0
140,11/17/11,0,0
141,11/18/11,0,0
142,11/19/11,0,0
143,11/20/11,0,0
144,11/21/11,0,0
145,11/22/11,0,0
146,11/23/11,0,0
147,11/24/11,0,0
148,11/25/11,0,0
149,11/26/11,0,0
150,11/27/11,0,0
151,11/28/11,0,0
152,11/29/11,0,0
153,11/30/11,0,0
154,12/1/11,0,0
155,12/2/11,0,0
156,12/3/11,0,0
157,12/4/11,0,0
158,12/5/11,0,0
159,12/6/11,0,0
160,12/7/11,0,0
161,12/8/11,0,0
162,12/9/11,0,0
163,12/10/11,0,0
164,12/11/11,0,0
165,12/12/11,0,0
166,12/13/11,0,0
167,12/14/11,0,0
168,12/15/11,0,0
169,12/16/11,0,0
170,12/17/11,0,0
171,12/18/11,0,0
172,12/19/11,0,0
173,12/20/11,0,0
174,12/21/11,0,0
175,12/22/11,0,0
176,12/23/11,0,0
177,12/24/11,0,0
178,12/25/11,0,0
179,12/26/11,0,0
180,12/27/11,0,0
181,12/28/11,0,0
182,12/29/11,0,0
183,12/30/11,0,0
184,12/31/11,0,0
185,1/1/12,0,0
186,1/2/12,0,0
187,1/3/12,0,0
188,1/4/12,0,0
189,1/5/12,0,0
190,1/6/12,0,0
191,1/7/12,0,0
192,1/8/12,0,0
193,1/9/12,0,0
194,1/10/12,0,0
195,1/11/12,0,0
196,1/12/12,0,0
197,1/13/12,0,0
198,1/14/12,0,0
199,1/15/12,0,0
200,1/16/12,0,0
201,1/17/12,0,0
202,1/18/12,0,0
203,1/19/12,0,0
204,1/20/12,0,0
205,1/21/12,0,0
206,1/22/12,0,0
207,1/23/12,0,0
208,1/24/12,0,0
209,1/25/12,0,0
210,1/26/12,0,0
211,1/27/12,0,0
212,1/28/12,0,0
213,1/29/12,0,0
214,1/30/12,0,0
215,1/31/12,0,0
216,2/1/12,0,0
217,2/2/12,0,0
218,2/3/12,0,0
219,2/4/12,0,0
220,2/5/12,0,0
221,2/6/12,0,0
222,2/7/12,0,0
223,2/8/12,0,0
224,2/9/12,0,0
225,2/10/12,0,0
226,2/11/12,0,0
227,2/12/12,0,0
228,2/13/12,0,0
229,2/14/12,0,0
230,2/15/12,0,0
231,2/16/12,0,0
232,2/17/12,0,0
233,2/18/12,0,0
234,2/19/12,0,0
235,2/20/12,0,0
236,2/21/12,0,0
237,2/22/12,0,0
238,2/23/12,0,0
239,2/24/12,0,0
240,2/25/12,0,0
241,2/26/12,0,0
242,2/27/12,0,0
243,2/28/12,0,0
244,2/29/12,0,0
245,3/1/12,0,0
246,3/2/12,0,0
247,3/3/12,0,0
248,3/4/12,0,0
249,3/5/12,0,0
250,3/6/12,0,0
251,3/7/12,0,0
252,3/8/12,0,0
253,3/9/12,0,0
254,3/10/12,0,0
255,3/11/12,0,0
256,3/12/12,0,0
257,3/13/12,0,0
258,3/14/12,0,0
259,3/15/12,0,0
260,3/16/12,0,0
261,3/17/12,0,0
262,3/18/12,0,0
263,3/19/12,0,0
264,3/20/12,0,0
265,3/21/12,0,0
266,3/22/12,0,0
267,3/23/12,0,0
268,3/24/12,0,0
269,3/25/12,0,0
270,3/26/12,0,0
271,3/27/12,0,0
272,3/28/12,0,0
273,3/29/12,0,0
274,3/30/12,0,0
275,3/31/12,0,0
276,4/1/12,0,0
277,4/2/12,0,0
278,4/3/12,0,0
279,4/4/12,0,0
280,4/5/12,0,0
281,4/6/12,0,0
282,4/7/12,0,0
283,4/8/12,0,0
284,4/9/12,0,0
285,4/10/12,0,0
286,4/11/12,0,0
287,4/12/12,0,0
288,4/13/12,0,0
289,4/14/12,0,0
290,4/15/12,0,0
291,4/16/12,0,0
292,4/17/12,0,0
293,4/18/12,0,0
294,4/19/12,0,0
295,4/20/12,0,0
296,4/21/12,0,0
297,4/22/12,0,0
298,4/23/12,0,0
299,4/24/12,0,0
300,4/25/12,0,0
301,4/26/12,0,0
302,4/27/12,0,0
303,4/28/12,0,0
304,4/29/12,0,0
305,4/30/12,0,0
306,5/1/12,0,0
307,5/2/12,0,0
308,5/3/12,0,0
309,5/4/12,0,0
310,5/5/12,0,0
311,5/6/12,0,0
312,5/7/12,0,0
313,5/8/12,0,0
314,5/9/12,0,0
315,5/10/12,0,0
316,5/11/12,0,0
317,5/12/12,0,0
318,5/13/12,0,0
319,5/14/12,0,0
320,5/15/12,0,0
321,5/16/12,0,0
322,5/17/12,0,0
323,5/18/12,0,0
324,5/19/12,0,0
325,5/20/12,0,0
326,5/21/12,0,0
327,5/22/12,0,0
328,5/23/12,0,0
329,5/24/12,0,0
330,5/25/12,0,0
331,5/26/12,0,0
332,5/27/12,0,0
333,5/28/12,0,0
334,5/29/12,0,0
335,5/30/12,0,0
336,5/31/12,0,0
337,6/1/12,0,0
338,6/2/12,0,0
339,6/3/12,0,0
340,6/4/12,0,0
341,6/5/12,0,0
342,6/6/12,0,0
343,6/7/12,0,0
344,6/8/12,0,0
345,6/9/12,0,0
346,6/10/12,0,0
347,6/11/12,0,0
348,6/12/12,0,0
349,6/13/12,0,0
350,6/14/12,0,0
351,6/15/12,0,0
352,6/16/12,0,0
353,6/17/12,0,0
354,6/18/12,0,0
355,6/19/12,0,0
356,6/20/12,0,0
357,6/21/12,0,0
358,6/22/12,0,0
359,6/23/12,0,0
360,6/24/12,0,0
361,6/25/12,0,0
362,6/26/12,0,0
363,6/27/12,0,0
364,6/28/12,0,0
365,6/29/12,0,0
366,6/30/12,0,0
367,7/1/12,0,0
368,7/2/12,0,0
369,7/3/12,0,0
370,7/4/12,0,0
371,7/5/12,0,0
372,7/6/12,0,0
373,7/7/12,0,0
374,7/8/12,0,0
375,7/9/12,0,0
376,7/10/12,0,0
377,7/11/12,0,0
378,7/12/12,0,0
379,7/13/12,0,0
380,7/14/12,0,0
381,7/15/12,0,0
382,7/16/12,0,0
383,7/17/12,0,0
384,7/18/12,0,0
385,7/19/12,0,0
386,7/20/12,0,0
387,7/21/12,0,0
388,7/22/12,0,0
389,7/23/12,0,0
390,7/24/12,0,0
391,7/25/12,0,0
392,7/26/12,0,0
393,7/27/12,0,0
394,7/28/12,0,0
395,7/29/12,0,0
396,7/30/12,0,0
397,7/31/12,0,0
398,8/1/12,0,0
399,8/2/12,0,0
400,8/3/12,0,0
401,8/4/12,0,0
402,8/5/12,0,0
403,8/6/12,0,0
404,8/7/12,0,0
405,8/8/12,0,0
406,8/9/12,0,0
407,8/10/12,0,0
408,8/11/12,0,0
409,8/12/12,0,0
410,8/13/12,0,0
411,8/14/12,0,0
412,8/15/12,0,0
413,8/16/12,0,0
414,8/17/12,0,0
415,8/18/12,0,0
416,8/19/12,0,0
417,8/20/12,0,0
418,8/21/12,0,0
419,8/22/12,0,0
420,8/23/12,0,0
421,8/24/12,0,0
422,8/25/12,0,0
423,8/26/12,0,0
424,8/27/12,0,0
425,8/28/12,0,0
426,8/29/12,0,0
427,8/30/12,0,0
428,8/31/12,0,0
429,9/1/12,0,0
430,9/2/12,0,0
431,9/3/12,0,0
432,9/4/12,0,0
433,9/5/12,0,0
434,9/6/12,0,0
435,9/7/12,0,0
436,9/8/12,0,0
437,9/9/12,0,0
438,9/10/12,0,0
439,9/11/12,0,0
440,9/12/12,0,0
441,9/13/12,0,0
442,9/14/12,0,0
443,9/15/12,0,0
444,9/16/12,0,0
445,9/17/12,0,0
446,9/18/12,0,0
447,9/19/12,0,0
448,9/20/12,0,0
449,9/21/12,0,0
450,9/22/12,0,0
451,9/23/12,0,0
452,9/24/12,0,0
453,9/25/12,0,0
454,9/26/12,0,0
455,9/27/12,0,0
456,9/28/12,0,0
457,9/29/12,0,0
458,9/30/12,0,0
459,10/1/12,0,0
460,10/2/12,0,0
461,10/3/12,0,0
462,10/4/12,0,0
463,10/5/12,0,0
464,10/6/12,0,0
465,10/7/12,0,0
466,10/8/12,0,0
467,10/9/12,0,0
468,10/10/12,0,0
469,10/11/12,0,0
470,10/12/12,0,0
471,10/13/12,0,0
472,10/14/12,0,0
473,10/15/12,0,0
474,10/16/12,0,0
475,10/17/12,0,0
476,10/18/12,0,0
477,10/19/12,0,0
478,10/20/12,0,0
479,10/21/12,0,0
480,10/22/12,0,0
481,10/23/12,0,0
482,10/24/12,0,0
483,10/25/12,0,0
484,10/26/12,0,0
485,10/27/12,0,0
486,10/28/12,0,0
487,10/29/12,0,0
488,10/30/12,0,0
489,10/31/12,0,0
490,11/1/12,0,0
491,11/2/12,0,0
492,11/3/12,0,0
493,11/4/12,0,0
494,11/5/12,0,0
495,11/6/12,0,0
496,11/7/12,0,0
497,11/8/12,0,0
498,11/9/12,0,0
499,11/10/12,0,0
500,11/11/12,0,0
501,11/12/12,0,0
502,11/13/12,0,0
503,11/14/12,0,0
504,11/15/12,0,0
505,11/16/12,0,0
506,11/17/12,0,0
507,11/18/12,0,0
508,11/19/12,0,0
509,11/20/12,0,0
510,11/21/12,0,0
511,11/22/12,0,0
512,11/23/12,0,0
513,11/24/12,0,0
514,11/25/12,0,0
515,11/26/12,0,0
516,11/27/12,0,0
517,11/28/12,0,0
518,11/29/12,0,0
519,11/30/12,0,0
520,12/1/12,0,0
521,12/2/12,0,0
522,12/3/12,0,0
523,12/4/12,0,0
524,12/5/12,0,0
525,12/6/12,0,0
526,12/7/12,0,0
527,12/8/12,0,0
528,12/9/12,0,0
529,12/10/12,0,0
530,12/11/12,0,0
531,12/12/12,0,0
532,12/13/12,0,0
533,12/14/12,0,0
534,12/15/12,0,0
535,12/16/12,0,0
536,12/17/12,0,0
537,12/18/12,0,0
538,12/19/12,0,0
539,12/20/12,0,0
540,12/21/12,0,0
541,12/22/12,0,0
542,12/23/12,0,0
543,12/24/12,0,0
544,12/25/12,0,0
545,12/26/12,0,0
546,12/27/12,0,0
547,12/28/12,0,0
548,12/29/12,0,0
549,12/30/12,0,0
550,12/31/12,0,0
551,1/1/13,0,0
552,1/2/13,0,0
553,1/3/13,0,0
554,1/4/13,0,0
555,1/5/13,0,0
556,1/6/13,0,0
557,1/7/13,0,0
558,1/8/13,0,0
559,1/9/13,0,0
560,1/10/13,0,0
561,1/11/13,0,0
562,1/12/13,0,0
563,1/13/13,0,0
564,1/14/13,0,0
565,1/15/13,0,0
566,1/16/13,0,0
567,1/17/13,0,0
568,1/18/13,0,0
569,1/19/13,0,0
570,1/20/13,0,0
571,1/21/13,0,0
572,1/22/13,0,0
573,1/23/13,0,0
574,1/24/13,0,0
575,1/25/13,0,0
576,1/26/13,0,0
577,1/27/13,0,0
578,1/28/13,0,0
579,1/29/13,0,0
580,1/30/13,0,0
581,1/31/13,0,0
582,2/1/13,0,0
583,2/2/13,0,0
584,2/3/13,0,0
585,2/4/13,0,0
586,2/5/13,0,0
587,2/6/13,0,0
588,2/7/13,0,0
589,2/8/13,0,0
590,2/9/13,0,0
591,2/10/13,0,0
592,2/11/13,0,0
593,2/12/13,0,0
594,2/13/13,0,0
595,2/14/13,0,0
596,2/15/13,0,0
597,2/16/13,0,0
598,2/17/13,0,0
599,2/18/13,0,0
600,2/19/13,0,0
601,2/20/13,0,0
602,2/21/13,0,0
603,2/22/13,0,0
604,2/23/13,0,0
605,2/24/13,0,0
606,2/25/13,0,0
607,2/26/13,0,0
608,2/27/13,0,0
609,2/28/13,0,0
610,3/1/13,0,0
611,3/2/13,0,0
612,3/3/13,0,0
613,3/4/13,0,0
614,3/5/13,0,0
615,3/6/13,0,0
616,3/7/13,0,0
617,3/8/13,0,0
618,3/9/13,0,0
619,3/10/13,0,0
620,3/11/13,0,0
621,3/12/13,0,0
622,3/13/13,0,0
623,3/14/13,0,0
624,3/15/13,0,0
625,3/16/13,0,0
626,3/17/13,0,0
627,3/18/13,0,0
628,3/19/13,0,0
629,3/20/13,0,0
630,3/21/13,0,0
631,3/22/13,0,0
632,3/23/13,0,0
633,3/24/13,0,0
634,3/25/13,0,0
635,3/26/13,0,0
636,3/27/13,0,0
637,3/28/13,0,0
638,3/29/13,0,0
639,3/30/13,0,0
640,3/31/13,0,0
641,4/1/13,0,0
642,4/2/13,0,0
643,4/3/13,0,0
644,4/4/13,0,0
645,4/5/13,0,0
646,4/6/13,0,0
647,4/7/13,0,0
648,4/8/13,0,0
649,4/9/13,0,0
650,4/10/13,0,0
651,4/11/13,0,0
652,4/12/13,0,0
653,4/13/13,0,0
654,4/14/13,0,0
655,4/15/13,0,0
656,4/16/13,0,0
657,4/17/13,0,0
658,4/18/13,0,0
659,4/19/13,0,0
660,4/20/13,0,0
661,4/21/13,0,0
662,4/22/13,0,0
663,4/23/13,0,0
664,4/24/13,0,0
665,4/25/13,0,0
666,4/26/13,0,0
667,4/27/13,0,0
668,4/28/13,0,0
669,4/29/13,0,0
670,4/30/13,0,0
671,5/1/13,0,0
672,5/2/13,0,0
673,5/3/13,0,0
674,5/4/13,0,0
675,5/5/13,0,0
676,5/6/13,0,0
677,5/7/13,0,0
678,5/8/13,0,0
679,5/9/13,0,0
680,5/10/13,0,0
681,5/11/13,0,0
682,5/12/13,0,0
683,5/13/13,0,0
684,5/14/13,0,0
685,5/15/13,0,0
686,5/16/13,0,0
687,5/17/13,0,0
688,5/18/13,0,0
689,5/19/13,0,0
690,5/20/13,0,0
691,5/21/13,0,0
692,5/22/13,0,0
693,5/23/13,0,0
694,5/24/13,0,0
695,5/25/13,0,0
696,5/26/13,0,0
697,5/27/13,0,0
698,5/28/13,0,0
699,5/29/13,0,0
700,5/30/13,0,0
701,5/31/13,0,0
702,6/1/13,0,0
703,6/2/13,0,0
704,6/3/13,0,0
705,6/4/13,0,0
706,6/5/13,0,0
707,6/6/13,0,0
708,6/7/13,0,0
709,6/8/13,0,0
710,6/9/13,0,0
711,6/10/13,0,0
712,6/11/13,0,0
713,6/12/13,0,0
714,6/13/13,0,0
715,6/14/13,0,0
716,6/15/13,0,0
717,6/16/13,0,0
718,6/17/13,0,0
719,6/18/13,0,0
720,6/19/13,0,0
721,6/20/13,0,0
722,6/21/13,0,0
723,6/22/13,0,0
724,6/23/13,0,0
725,6/24/13,0,0
726,6/25/13,0,0
727,6/26/13,0,0
728,6/27/13,0,0
729,6/28/13,0,0
730,6/29/13,0,0
731,6/30/13,0,0
732,7/1/13,15.49948838,3254.892559
733,7/2/13,17.55169059,3685.855023
734,7/3/13,14.77029907,3101.762805
735,7/4/13,15.96402163,3352.444542
736,7/5/13,9.980608068,2095.927694
737,7/6/13,0.301080151,63.22683171
738,7/7/13,10.84042955,2276.490206
739,7/8/13,12.37668158,2599.103132
740,7/9/13,18.42282666,3868.793598
741,7/10/13,12.18055582,2557.916722
742,7/11/13,11.58936868,2433.767423
743,7/12/13,8.927622435,1874.800711
744,7/13/13,12.52440257,2630.124539
745,7/14/13,16.17836393,3397.456425
746,7/15/13,17.4384264,3662.069544
747,7/16/13,14.82238456,3112.700758
748,7/17/13,11.16193743,2344.006861
749,7/18/13,9.990438054,2097.991991
750,7/19/13,10.90710976,2290.493049
751,7/20/13,14.69373436,3085.684215
752,7/21/13,0.84732116,177.9374436
753,7/22/13,9.49882312,1994.752855
754,7/23/13,15.70023037,3297.048378
755,7/24/13,16.59434508,3484.812466
756,7/25/13,10.9729381,2304.317002
757,7/26/13,13.42929311,2820.151552
758,7/27/13,12.65897054,2658.383814
759,7/28/13,16.99151983,3568.219165
760,7/29/13,18.02420247,3785.082518
761,7/30/13,15.48960495,3252.817039
762,7/31/13,13.28611474,2790.084095
763,8/1/13,16.46363721,3457.363814
764,8/2/13,14.90976788,3131.051255
765,8/3/13,15.30497751,3214.045278
766,8/4/13,12.25550494,2573.656038
767,8/5/13,13.75888445,2889.365736
768,8/6/13,4.554851121,956.5187353
769,8/7/13,14.38124505,3020.061459
770,8/8/13,15.3621002,3226.041041
771,8/9/13,17.47903836,3670.598055
772,8/10/13,16.24275755,3410.979086
773,8/11/13,15.86042189,3330.688597
774,8/12/13,1.647876302,346.0540233
775,8/13/13,16.16443167,3394.530651
776,8/14/13,14.68986073,3084.870754
777,8/15/13,14.45022289,3034.546806
778,8/16/13,14.2904685,3000.998385
779,8/17/13,16.24128732,3410.670336
780,8/18/13,14.89777968,3128.533733
781,8/19/13,13.22986011,2778.270624
782,8/20/13,16.38979131,3441.856175
783,8/21/13,7.677484701,1612.271787
784,8/22/13,10.39303457,2182.537259
785,8/23/13,9.847947244,2068.068921
786,8/24/13,6.879832424,1444.764809
787,8/25/13,6.173474022,1296.429545
788,8/26/13,10.5261892,2210.499733
789,8/27/13,12.25716398,2574.004436
790,8/28/13,16.5908527,3484.079066
791,8/29/13,11.08011392,2326.823924
792,8/30/13,10.98806418,2307.493478
793,8/31/13,8.325503697,1748.355776
794,9/1/13,13.3944424,2812.832905
795,9/2/13,10.34766832,2173.010347
796,9/3/13,6.582797045,1382.387379
797,9/4/13,13.20798561,2773.676979
798,9/5/13,4.613810505,968.9002061
799,9/6/13,14.16769404,2975.215749
800,9/7/13,6.746067381,1416.67415
801,9/8/13,7.690783104,1615.064452
802,9/9/13,4.295559602,902.0675164
803,9/10/13,8.48594877,1782.049242
804,9/11/13,11.75552611,2468.660483
805,9/12/13,9.876132192,2073.98776
806,9/13/13,10.60725488,2227.523525
807,9/14/13,13.56430836,2848.504756
808,9/15/13,5.434013243,1141.142781
809,9/16/13,10.67197416,2241.114573
810,9/17/13,10.84115901,2276.643393
811,9/18/13,15.9066707,3340.400846
812,9/19/13,13.98703424,2937.277191
813,9/20/13,13.755893,2888.73753
814,9/21/13,12.43024246,2610.350916
815,9/22/13,19.25507826,4043.566435
816,9/23/13,13.53223528,2841.769409
817,9/24/13,12.82980865,2694.259816
818,9/25/13,3.55510065,746.5711365
819,9/26/13,17.83469448,3745.28584
820,9/27/13,15.28776534,3210.430722
821,9/28/13,13.21603182,2775.366682
822,9/29/13,1.472776471,309.283059
823,9/30/13,13.34763214,2803.00275
824,10/1/13,31.48465007,6611.776515
825,10/2/13,8.837163623,1855.804361
826,10/3/13,26.42425404,5549.093348
827,10/4/13,25.36771247,5327.219618
828,10/5/13,33.18240931,6968.305954
829,10/6/13,27.51340474,5777.814996
830,10/7/13,28.99693754,6089.356884
831,10/8/13,27.34912854,5743.316994
832,10/9/13,34.52079076,7249.366059
833,10/10/13,24.68767514,5184.411779
834,10/11/13,15.13772168,3178.921553
835,10/12/13,0,0
836,10/13/13,0,0
837,10/14/13,0,0
838,10/15/13,0,0
839,10/16/13,0,0
840,10/17/13,0,0
841,10/18/13,0,0
842,10/19/13,0,0
843,10/20/13,0,0
844,10/21/13,0,0
845,10/22/13,0,0
846,10/23/13,0,0
847,10/24/13,0,0
848,10/25/13,0,0
849,10/26/13,0,0
850,10/27/13,0,0
851,10/28/13,0.234948343,49.33915209
852,10/29/13,0.087703058,18.41764219
853,10/30/13,0,0
854,10/31/13,0,0
855,11/1/13,0,0
856,11/2/13,0,0
857,11/3/13,0,0
858,11/4/13,0,0
859,11/5/13,0,0
860,11/6/13,0,0
861,11/7/13,0,0
862,11/8/13,0,0
863,11/9/13,0,0
864,11/10/13,0,0
865,11/11/13,0,0
866,11/12/13,0,0
867,11/13/13,0,0
868,11/14/13,0,0
869,11/15/13,0,0
870,11/16/13,0,0
871,11/17/13,0,0
872,11/18/13,2.94349211,618.1333431
873,11/19/13,4.829458843,1014.186357
874,11/20/13,17.35870623,3645.328309
875,11/21/13,0.877426643,184.2595949
876,11/22/13,0,0
877,11/23/13,7.740880902,1625.584989
878,11/24/13,0.894127935,187.7668664
879,11/25/13,0,0
880,11/26/13,19.02755422,3995.786386
881,11/27/13,20.72846623,4352.977907
882,11/28/13,5.343641423,1122.164699
883,11/29/13,10.15361441,2132.259025
884,11/30/13,10.36261788,2176.149755
885,12/1/13,3.865654042,811.7873488
886,12/2/13,7.084497619,1487.7445
887,12/3/13,6.500032486,1365.006822
888,12/4/13,1.597600612,335.4961285
889,12/5/13,0,0
890,12/6/13,0,0
891,12/7/13,0,0
892,12/8/13,0,0
893,12/9/13,2.349637787,493.4239353
894,12/10/13,9.768946133,2051.478688
895,12/11/13,10.69477568,2245.902893
896,12/12/13,13.54715205,2844.901931
897,12/13/13,4.242065941,890.8338475
898,12/14/13,1.018523291,213.8898911
899,12/15/13,0,0
900,12/16/13,0,0
901,12/17/13,5.654548029,1187.455086
902,12/18/13,10.01824337,2103.831107
903,12/19/13,0,0
904,12/20/13,0,0
905,12/21/13,8.885192091,1865.890339
906,12/22/13,6.241055422,1310.621639
907,12/23/13,0.020607935,4.327666319
908,12/24/13,0,0
909,12/25/13,0,0
910,12/26/13,0,0
911,12/27/13,0.595957938,125.151167
912,12/28/13,0.211457761,44.40612974
913,12/29/13,6.599990261,1385.997955
914,12/30/13,2.199585047,461.9128598
915,12/31/13,0.685233001,143.8989301
916,1/1/14,0,0
917,1/2/14,0,0
918,1/3/14,0,0
919,1/4/14,0.207785512,43.63495753
920,1/5/14,13.21334345,2774.802124
921,1/6/14,8.183758338,1718.589251
922,1/7/14,0,0
923,1/8/14,2.545235224,534.4993971
924,1/9/14,0,0
925,1/10/14,0,0
926,1/11/14,0,0
927,1/12/14,0,0
928,1/13/14,0,0
929,1/14/14,7.889184086,1656.728658
930,1/15/14,0.347071922,72.88510354
931,1/16/14,5.881428548,1235.099995
932,1/17/14,2.317984827,486.7768137
933,1/18/14,0,0
934,1/19/14,0,0
935,1/20/14,0,0
936,1/21/14,8.988989407,1887.687775
937,1/22/14,12.01354432,2522.844307
938,1/23/14,10.83648154,2275.661123
939,1/24/14,13.16145603,2763.905766
940,1/25/14,12.30398024,2583.83585
941,1/26/14,11.88176911,2495.171513
942,1/27/14,12.51321529,2627.77521
943,1/28/14,10.15175326,2131.868184
944,1/29/14,11.26814875,2366.311237
945,1/30/14,11.07303506,2325.337362
946,1/31/14,11.33138548,2379.59095
947,2/1/14,15.70111631,3297.234426
948,2/2/14,11.81425242,2480.993008
949,2/3/14,9.864683378,2071.583509
950,2/4/14,11.57871417,2431.529976
951,2/5/14,9.689307935,2034.754666
952,2/6/14,8.36057178,1755.720074
953,2/7/14,10.79744265,2267.462957
954,2/8/14,10.33985217,2171.368957
955,2/9/14,10.86497247,2281.644218
956,2/10/14,13.25812199,2784.205618
957,2/11/14,12.54642439,2634.749123
958,2/12/14,13.36650074,2806.965156
959,2/13/14,13.57578484,2850.914816
960,2/14/14,12.33547781,2590.450339
961,2/15/14,12.39100247,2602.110518
962,2/16/14,12.43047429,2610.399602
963,2/17/14,12.84817182,2698.116083
964,2/18/14,13.0566204,2741.890284
965,2/19/14,13.68481006,2873.810112
966,2/20/14,18.73864104,3935.114618
967,2/21/14,13.19397876,2770.73554
968,2/22/14,13.2572976,2784.032495
969,2/23/14,12.03295688,2526.920945
970,2/24/14,13.72363857,2881.9641
971,2/25/14,9.937976964,2086.975162
972,2/26/14,12.35521218,2594.594557
973,2/27/14,15.62091196,3280.391511
974,2/28/14,15.14770047,3181.0171
975,3/1/14,7.26056595,1524.718849
976,3/2/14,9.411841928,1976.486805
977,3/3/14,11.68187669,2453.194105
978,3/4/14,11.8289773,2484.085233
979,3/5/14,12.75240778,2678.005634
980,3/6/14,9.674062905,2031.55321
981,3/7/14,16.31378668,3425.895203
982,3/8/14,21.98461334,4616.768801
983,3/9/14,18.22830168,3827.943352
984,3/10/14,15.66934174,3290.561765
985,3/11/14,16.32541571,3428.337298
986,3/12/14,16.17984158,3397.766733
987,3/13/14,14.30142987,3003.300274
988,3/14/14,15.64875581,3286.238721
989,3/15/14,21.33481194,4480.310507
990,3/16/14,17.27769387,3628.315713
991,3/17/14,23.0677432,4844.226073
992,3/18/14,23.88055617,5014.916795
993,3/19/14,16.98229518,3566.281987
994,3/20/14,14.84507904,3117.466598
995,3/21/14,15.58633897,3273.131183
996,3/22/14,16.16491837,3394.632857
997,3/23/14,14.82533333,3113.32
998,3/24/14,16.02328035,3364.888874
999,3/25/14,18.68394114,3923.62764
1000,3/26/14,24.54536787,5154.527253
1001,3/27/14,17.90359441,3759.754826
1002,3/28/14,16.49860914,3464.70792
1003,3/29/14,16.41117296,3446.346321
1004,3/30/14,18.54127474,3893.667695
1005,3/31/14,19.60977405,4118.052551
1006,4/1/14,23.06957939,4844.611673
1007,4/2/14,22.05970529,4632.538111
1008,4/3/14,16.63222761,3492.767798
1009,4/4/14,17.55571802,3686.700784
1010,4/5/14,20.7229837,4351.826578
1011,4/6/14,21.64338125,4545.110062
1012,4/7/14,17.98020614,3775.84329
1013,4/8/14,17.95126271,3769.76517
1014,4/9/14,16.76496642,3520.642948
1015,4/10/14,18.78648751,3945.162376
1016,4/11/14,19.19902203,4031.794625
1017,4/12/14,21.56259423,4528.144788
1018,4/13/14,24.25385114,5093.308738
1019,4/14/14,26.06033347,5472.670029
1020,4/15/14,16.17910114,3397.611239
1021,4/16/14,19.68031373,4132.865883
1022,4/17/14,19.86614151,4171.889717
1023,4/18/14,14.16901716,2975.493604
1024,4/19/14,15.97400015,3354.540033
1025,4/20/14,17.77650408,3733.065856
1026,4/21/14,17.4036283,3654.761943
1027,4/22/14,23.39476849,4912.901382
1028,4/23/14,25.7189697,5400.983638
1029,4/24/14,19.81641566,4161.447288
1030,4/25/14,20.96682352,4403.032939
1031,4/26/14,23.52761786,4940.799751
1032,4/27/14,19.33130453,4059.57395
1033,4/28/14,21.84710837,4587.892757
1034,4/29/14,29.94564598,6288.585656
1035,4/30/14,31.94364284,6708.164996
1036,5/1/14,25.16076885,5283.761458
1037,5/2/14,16.29864551,3422.715558
1038,5/3/14,17.20529622,3613.112207
1039,5/4/14,22.83732364,4795.837964
1040,5/5/14,22.44142984,4712.700266
1041,5/6/14,22.21142594,4664.399447
1042,5/7/14,21.67665451,4552.097448
1043,5/8/14,17.61476579,3699.100816
1044,5/9/14,17.66953736,3710.602845
1045,5/10/14,20.9340689,4396.154469
1046,5/11/14,24.26036854,5094.677394
1047,5/12/14,19.4516647,4084.849586
1048,5/13/14,30.09174002,6319.265404
1049,5/14/14,23.54139552,4943.69306
1050,5/15/14,18.50130373,3885.273784
1051,5/16/14,17.62235246,3700.694016
1052,5/17/14,23.64413013,4965.267327
1053,5/18/14,19.93695968,4186.761532
1054,5/19/14,19.23166971,4038.65064
1055,5/20/14,19.19519308,4030.990546
1056,5/21/14,19.20001758,4032.003691
1057,5/22/14,17.71712465,3720.596177
1058,5/23/14,21.28856677,4470.599022
1059,5/24/14,18.94215285,3977.852098
1060,5/25/14,19.63654382,4123.674202
1061,5/26/14,22.18701595,4659.27335
1062,5/27/14,21.6468358,4545.835519
1063,5/28/14,18.72988935,3933.276763
1064,5/29/14,22.26803661,4676.287687
1065,5/30/14,18.36492825,3856.634933
1066,5/31/14,21.65672764,4547.912804
1067,6/1/14,19.2642191,4045.48601
1068,6/2/14,17.3364251,3640.649271
1069,6/3/14,19.14151736,4019.718645
1070,6/4/14,15.11982988,3175.164276
1071,6/5/14,14.80019373,3108.040683
1072,6/6/14,16.53198992,3471.717883
1073,6/7/14,17.42930557,3660.15417
1074,6/8/14,18.40798546,3865.676947
1075,6/9/14,18.27470429,3837.687901
1076,6/10/14,21.99529802,4619.012585
1077,6/11/14,20.01043708,4202.191788
1078,6/12/14,20.75417417,4358.376576
1079,6/13/14,21.81852032,4581.889267
1080,6/14/14,18.01165355,3782.447247
1081,6/15/14,18.57387693,3900.514155
1082,6/16/14,21.60258509,4536.542869
1083,6/17/14,24.74725515,5196.923582
1084,6/18/14,23.97443784,5034.631946
1085,6/19/14,17.91135097,3761.383704
1086,6/20/14,20.71767531,4350.711816
1087,6/21/14,22.98903833,4827.698049
1088,6/22/14,21.30059761,4473.125499
1089,6/23/14,19.1752861,4026.81008
1090,6/24/14,20.02473336,4205.194005
1091,6/25/14,20.57020235,4319.742493
1092,6/26/14,21.38398196,4490.636212
1093,6/27/14,22.70615355,4768.292245
1094,6/28/14,20.08056136,4216.917885
1095,6/29/14,20.69516296,4345.984221
1096,6/30/14,20.21109255,4244.329436
1097,7/1/14,21.95831206,4611.245532
1098,7/2/14,20.98053665,4405.912697
1099,7/3/14,19.75682974,4148.934245
1100,7/4/14,10.38704095,2181.278599
1101,7/5/14,17.54334799,3684.103077
1102,7/6/14,18.64833962,3916.15132
1103,7/7/14,17.73658644,3724.683152
1104,7/8/14,14.27274685,2997.276839
1105,7/9/14,16.97713644,3565.198652
1106,7/10/14,17.85646863,3749.858412
1107,7/11/14,21.09737941,4430.449676
1108,7/12/14,18.77343808,3942.421997
1109,7/13/14,19.77096896,4151.903482
1110,7/14/14,16.39809495,3443.599939
1111,7/15/14,16.5578335,3477.145034
1112,7/16/14,19.93262631,4185.851524
1113,7/17/14,19.86429972,4171.50294
1114,7/18/14,21.43452668,4501.250602
1115,7/19/14,18.80414041,3948.869485
1116,7/20/14,18.00368813,3780.774507
1117,7/21/14,19.76398971,4150.437839
1118,7/22/14,16.54728932,3474.930757
1119,7/23/14,19.59521663,4114.995493
1120,7/24/14,21.14012291,4439.42581
1121,7/25/14,21.06130318,4422.873668
1122,7/26/14,20.06750906,4214.176902
1123,7/27/14,18.15312218,3812.155658
1124,7/28/14,18.20344654,3822.723773
1125,7/29/14,18.63981958,3914.362112
1126,7/30/14,18.96984897,3983.668283
1127,7/31/14,19.3745542,4068.656382
1128,8/17/14,18.99225776,3988.37413
1129,8/18/14,14.36775051,3017.227607
1130,8/19/14,14.14586832,2970.632347
1131,8/20/14,15.4043974,3234.923453
1132,8/21/14,9.88784781,2076.44804
1133,8/22/14,12.06685742,2534.040058
1134,8/23/14,14.88727003,3126.326707
1135,8/24/14,16.29434855,3421.813196
1136,8/25/14,16.11703149,3384.576614
1137,8/26/14,16.64642001,3495.748202
1138,8/27/14,15.9096869,3341.034249
1139,8/28/14,16.4187012,3447.927252
1140,8/29/14,16.48286394,3461.401427
1141,8/30/14,17.72698108,3722.666026
1142,8/31/14,19.42353588,4078.942534
1143,9/1/14,17.96742335,3773.158903
1144,9/2/14,16.3894374,3441.781854
1145,9/3/14,16.27944588,3418.683635
1146,9/4/14,17.61770433,3699.717909
1147,9/5/14,15.08697929,3168.265651
1148,9/6/14,17.36363438,3646.363219
1149,9/7/14,17.11245638,3593.61584
1150,9/8/14,9.974485905,2094.64204
1151,9/9/14,9.17766414,1927.309469
1152,9/10/14,12.85098746,2698.707367
1153,9/11/14,13.25098736,2782.707346
1154,9/12/14,14.24102585,2990.61543
1155,9/13/14,17.69255755,3715.437085
1156,9/14/14,15.95990414,3351.579869
1157,9/15/14,15.48462853,3251.771991
1158,9/16/14,9.703896125,2037.818186
1159,9/17/14,9.57664491,2011.095431
1160,9/18/14,14.06057111,2952.719932
1161,9/19/14,13.46691812,2828.052805
1162,9/20/14,11.96459499,2512.564947
1163,9/21/14,13.21342821,2774.819925
1164,9/22/14,13.79248242,2896.421309
1165,9/23/14,13.99304996,2938.540492
1166,9/24/14,13.58245638,2852.315839
1167,9/25/14,13.32594721,2798.448914
1168,9/26/14,11.45765722,2406.108015
1169,9/27/14,9.690032855,2034.9069
1170,9/28/14,12.90841124,2710.76636
1171,9/29/14,12.93292564,2715.914385
1172,9/30/14,13.02599451,2735.458847
1173,10/1/14,12.71945835,2671.086253
1174,10/2/14,15.05159141,3160.834196
1175,10/3/14,13.91291401,2921.711943
1176,10/4/14,13.78544561,2894.943577
1177,10/5/14,13.34018268,2801.438364
1178,10/6/14,11.66169108,2448.955127
1179,10/7/14,9.643241149,2025.080641
1180,10/8/14,6.813859572,1430.91051
1181,10/9/14,10.76136968,2259.887633
1182,10/10/14,11.13311999,2337.955199
1183,10/11/14,11.0945714,2329.859994
1184,10/12/14,14.67492654,3081.734574
1185,10/13/14,14.72045932,3091.296457
1186,10/14/14,14.5434817,3054.131157
1187,10/15/14,10.68220203,2243.262426
1188,10/16/14,11.76961204,2471.618528
1189,10/17/14,9.503319196,1995.697031
1190,10/18/14,10.63539353,2233.432641
1191,10/19/14,13.08902402,2748.695044
1192,10/20/14,11.0486899,2320.224878
1193,10/21/14,11.26428669,2365.500204
1194,10/22/14,10.75205268,2257.931063
1195,10/23/14,10.60624682,2227.311833
1196,10/24/14,10.88797521,2286.474793
1197,10/25/14,10.75211262,2257.94365
1198,10/26/14,10.76605572,2260.871702
1199,10/27/14,12.15776624,2553.130911
1200,10/28/14,10.6903394,2244.971275
1201,10/29/14,10.49974525,2204.946504
1202,10/30/14,10.47485011,2199.718524
1203,10/31/14,13.11250966,2753.627029
1204,11/1/14,10.5570862,2216.988101
1205,11/2/14,13.93365242,2926.067009
1206,11/3/14,13.40689973,2815.448944
1207,11/4/14,14.84674264,3117.815955
1208,11/5/14,15.16905165,3185.500847
1209,11/6/14,14.70349153,3087.733221
1210,11/7/14,11.2196558,2356.127719
1211,11/8/14,11.41937096,2398.067901
1212,11/9/14,12.03839688,2528.063346
1213,11/10/14,10.86747278,2282.169284
1214,11/11/14,10.75823675,2259.229717
1215,11/12/14,9.545821096,2004.62243
1216,11/13/14,8.743853412,1836.209217
1217,11/14/14,6.206873065,1303.443344
1218,11/15/14,8.851406168,1858.795295
1219,11/16/14,20.62738105,4331.75002
1220,11/17/14,13.25597952,2783.755699
1221,11/18/14,11.64010865,2444.422817
1222,11/19/14,10.54740488,2214.955026
1223,11/20/14,10.76503268,2260.656863
1224,11/21/14,8.741674905,1835.75173
1225,11/22/14,9.262682058,1945.163232
1226,11/23/14,13.88706309,2916.283249
1227,11/24/14,13.8965329,2918.271909
1228,11/25/14,11.36035963,2385.675523
1229,11/26/14,10.85340973,2279.216043
1230,11/27/14,10.72668938,2252.60477
1231,11/28/14,10.41321155,2186.774426
1232,11/29/14,10.14514402,2130.480244
1233,11/30/14,9.958862429,2091.36111
1234,12/1/14,8.562652942,1798.157118
1235,12/2/14,6.282521551,1319.329526
1236,12/3/14,6.587940969,1383.467604
1237,12/4/14,3.364611336,706.5683805
1238,12/5/14,5.41001212,1136.102545
1239,12/6/14,4.459332459,936.4598164
1240,12/7/14,7.078348376,1486.453159
1241,12/8/14,5.069205039,1064.533058
1242,12/9/14,8.220540488,1726.313502
1243,12/10/14,7.417948664,1557.76922
1244,12/11/14,7.360345723,1545.672602
1245,12/12/14,9.479125155,1990.616282
1246,12/13/14,8.25161838,1732.83986
1247,12/14/14,6.914925308,1452.134315
1248,12/15/14,5.706269873,1198.316673
1249,12/16/14,6.282525454,1319.330345
1250,12/17/14,4.900668988,1029.140488
1251,12/18/14,5.526861228,1160.640858
1252,12/19/14,6.92900211,1455.090443
1253,12/20/14,6.927690383,1454.81498
1254,12/21/14,6.583540243,1382.543451
1255,12/22/14,7.312011555,1535.522426
1256,12/23/14,13.73326614,2883.98589
1257,12/24/14,10.47344741,2199.423957
1258,12/25/14,12.00880114,2521.84824
1259,12/26/14,10.8528117,2279.090458
1260,12/27/14,9.906483423,2080.361519
1261,12/28/14,8.972674194,1884.261581
1262,12/29/14,9.174242808,1926.59099
1263,12/30/14,9.965263534,2092.705342
1264,12/31/14,4.415954155,927.3503725
1265,1/1/15,5.651455565,1186.805669
1266,1/2/15,9.601897363,2016.398446
1267,1/3/15,8.038092794,1687.999487
1268,1/4/15,8.820718963,1852.350982
1269,1/5/15,8.808382552,1849.760336
1270,1/6/15,9.815981517,2061.356119
1271,1/7/15,9.857879809,2070.15476
1272,1/8/15,12.61940015,2650.074031
1273,1/9/15,11.72774495,2462.82644
1274,1/10/15,8.658559708,1818.297539
1275,1/11/15,9.033861419,1897.110898
1276,1/12/15,4.855173775,1019.586493
1277,1/13/15,5.795731707,1217.103658
1278,1/14/15,8.097284336,1700.429711
1279,1/15/15,10.45815248,2196.212021
1280,1/16/15,10.00260978,2100.548054
1281,1/17/15,9.976078655,2094.976518
1282,1/18/15,8.853001058,1859.130222
1283,1/19/15,8.937058082,1876.782197
1284,1/20/15,9.049118585,1900.314903
1285,1/21/15,12.98812468,2727.506182
1286,1/22/15,19.38561972,4070.980142
1287,1/23/15,11.1684761,2345.37998
1288,1/24/15,14.34157188,3011.730095
1289,1/25/15,11.8068224,2479.432703
1290,1/26/15,6.633083894,1392.947618
1291,1/27/15,7.662490377,1609.122979
1292,1/28/15,8.708783578,1828.844551
1293,1/29/15,4.172420963,876.2084022
1294,1/30/15,1.918254545,402.8334545
1295,1/31/15,3.302753868,693.5783122
1296,2/1/15,5.415522952,1137.25982
1297,2/2/15,8.346654067,1752.797354
1298,2/3/15,9.026338213,1895.531025
1299,2/4/15,9.336086731,1960.578214
1300,2/5/15,10.38599239,2181.058402
1301,2/6/15,10.5013648,2205.286607
1302,2/7/15,10.44971189,2194.439497
1303,2/8/15,10.66037463,2238.678672
1304,2/9/15,10.45423048,2195.388401
1305,2/10/15,12.28559447,2579.974839
1306,2/11/15,15.32591777,3218.442732
1307,2/12/15,16.53728692,3472.830253
1308,2/13/15,14.08426537,2957.695727
1309,2/14/15,11.34002745,2381.405764
1310,2/15/15,11.0590674,2322.404155
1311,2/16/15,12.70820877,2668.723841
1312,2/17/15,15.02243129,3154.710571
1313,2/18/15,14.18258213,2978.342248
1314,2/19/15,11.40731929,2395.537051
1315,2/20/15,9.946429818,2088.750262
1316,2/21/15,11.82206211,2482.633044
1317,2/22/15,10.7605071,2259.706491
1318,2/23/15,10.85563971,2279.68434
1319,2/24/15,14.922565,3133.738649
1320,2/25/15,13.03572557,2737.502369
1321,2/26/15,14.07573349,2955.904033
1322,2/27/15,17.42344727,3658.923926
1323,2/28/15,4.298048666,902.5902198
1324,3/1/15,10.83288634,2274.906131
1325,3/2/15,5.835660761,1225.48876
1326,3/3/15,8.487055571,1782.28167
1327,3/4/15,13.78590248,2895.03952
1328,3/5/15,14.44057409,3032.520558
1329,3/6/15,20.12574273,4226.405974
1330,3/7/15,15.78611971,3315.08514
1331,3/8/15,15.99155445,3358.226435
1332,3/9/15,15.85334175,3329.201768
1333,3/10/15,15.50703631,3256.477625
1334,3/11/15,14.34655273,3012.776073
1335,3/12/15,16.84742946,3537.960186
1336,3/13/15,15.72050746,3301.306566
1337,3/14/15,17.26414679,3625.470827
1338,3/15/15,19.75220702,4147.963475
1339,3/16/15,17.41985451,3658.169447
1340,3/17/15,17.45046537,3664.597728
1341,3/18/15,12.87126167,2702.96495
1342,3/19/15,4.855490299,1019.652963
1343,3/20/15,12.73213154,2673.747624
1344,3/21/15,15.03607989,3157.576778
1345,3/22/15,15.78862809,3315.611899
1346,3/23/15,16.68183842,3503.186068
1347,3/24/15,16.86754374,3542.184185
1348,3/25/15,16.49357258,3463.650241
1349,3/26/15,17.58376425,3692.590492
1350,3/27/15,16.19279385,3400.486709
1351,3/28/15,17.24996046,3622.491697
1352,3/29/15,16.65390015,3497.319032
1353,3/30/15,17.86411532,3751.464217
1354,3/31/15,0.191383734,40.19058413
1355,4/1/15,19.15087479,4021.683705
1356,4/2/15,18.48574301,3882.006033
1357,4/3/15,18.29801142,3842.582398
1358,4/4/15,17.60537211,3697.128143
1359,4/5/15,21.41774248,4497.72592
1360,4/6/15,20.29979024,4262.95595
1361,4/7/15,20.85676878,4379.921444
1362,4/8/15,21.79430387,4576.803813
1363,4/9/15,18.74850821,3937.186724
1364,4/10/15,17.25708304,3623.987438
1365,4/11/15,15.00586856,3151.232398
1366,4/12/15,20.40287697,4284.604163
1367,4/13/15,18.10983836,3803.066055
1368,4/14/15,21.34671051,4482.809206
1369,4/15/15,28.54821357,5995.12485
1370,4/16/15,23.18410921,4868.662935
1371,4/17/15,19.13434989,4018.213478
1372,4/18/15,20.72980996,4353.260091
1373,4/19/15,19.22467509,4037.181769
1374,4/20/15,19.12846223,4016.977068
1375,4/21/15,21.02880861,4416.049808
1376,4/22/15,22.05813344,4632.208023
1377,4/23/15,15.34618443,3222.698729
1378,4/24/15,12.15806441,2553.193527
1379,4/25/15,18.24845173,3832.174864
1380,4/26/15,14.70775192,3088.627902
1381,4/27/15,15.77739997,3313.253994
1382,4/28/15,19.77625762,4153.014101
1383,4/29/15,20.71903814,4350.99801
1384,4/30/15,0.183157322,38.46303762
1385,5/1/15,17.70275753,3717.579082
1386,5/2/15,20.54763743,4315.003861
1387,5/3/15,17.83989325,3746.377582
1388,5/4/15,17.68502212,3713.854645
1389,5/5/15,16.06172275,3372.961776
1390,5/6/15,19.61056437,4118.218518
1391,5/7/15,19.92737748,4184.749271
1392,5/8/15,19.89088612,4177.086084
1393,5/9/15,15.51528064,3258.208935
1394,5/10/15,17.88501114,3755.85234
1395,5/11/15,18.96193167,3982.00565
1396,5/12/15,26.21400629,5504.94132
1397,5/13/15,20.39790484,4283.560016
1398,5/14/15,21.66131991,4548.877181
1399,5/15/15,11.01024359,2312.151154
1400,5/16/15,11.25027637,2362.558038
1401,5/17/15,16.9359278,3556.544839
1402,5/18/15,21.34261518,4481.949188
1403,5/19/15,19.93070099,4185.447209
1404,5/20/15,16.98688268,3567.245362
1405,5/21/15,22.05830575,4632.244208
1406,5/22/15,20.56949179,4319.593275
1407,5/23/15,18.79616226,3947.194074
1408,5/24/15,17.99511818,3778.974819
1409,5/25/15,19.35428362,4064.39956
1410,5/26/15,20.65592597,4337.744454
1411,5/27/15,14.27998844,2998.797573
1412,5/28/15,17.69610674,3716.182416
1413,5/29/15,17.7660159,3730.86334
1414,5/30/15,18.51107575,3887.325907
1415,5/31/15,0.500885149,105.1858813
1416,6/1/15,18.07506851,3795.764386
1417,6/2/15,19.27033168,4046.769653
1418,6/3/15,18.10114115,3801.239641
1419,6/4/15,17.09890082,3590.769173
1420,6/5/15,12.24382501,2571.203251
1421,6/6/15,16.66081158,3498.770432
1422,6/7/15,16.63114432,3492.540308
1423,6/8/15,17.02602761,3575.465799
1424,6/9/15,10.56662509,2218.991269
1425,6/10/15,16.45459403,3455.464746
1426,6/11/15,19.27305744,4047.342063
1427,6/12/15,19.30418607,4053.879076
1428,6/13/15,21.44982677,4504.463621
1429,6/14/15,20.84695995,4377.861591
1430,6/15/15,21.72536441,4562.326526
1431,6/16/15,20.75189914,4357.898819
1432,6/17/15,20.76799948,4361.279891
1433,6/18/15,21.48075795,4510.959168
1434,6/19/15,18.74090135,3935.589284
1435,6/20/15,18.46728956,3878.130809
1436,6/21/15,20.93905504,4397.201557
1437,6/22/15,21.42791454,4499.862053
1438,6/23/15,21.34246008,4481.916617
1439,6/24/15,21.02852163,4415.989543
1440,6/25/15,22.02813793,4625.908965
1441,6/26/15,23.46541253,4927.736631
1442,6/27/15,19.6326286,4122.852006
1443,6/28/15,18.36186607,3855.991875
1444,6/29/15,19.30007491,4053.015731
1445,6/30/15,21.84605707,4587.671984
1446,7/1/15,21.46271723,4507.170617
1447,7/2/15,21.80550763,4579.156603
1448,7/3/15,11.65695424,2447.960391
1449,7/4/15,16.36093194,3435.795707
1450,7/5/15,17.96998868,3773.697622
1451,7/6/15,17.37814484,3649.410416
1452,7/7/15,18.68503902,3923.858195
1453,7/8/15,23.35809613,4905.200187
1454,7/9/15,23.49230608,4933.384278
1455,7/10/15,21.50567985,4516.192768
1456,7/11/15,18.75053507,3937.612364
1457,7/12/15,17.48949793,3672.794565
1458,7/13/15,17.93107621,3765.526003
1459,7/14/15,20.97646504,4405.057658
1460,7/15/15,20.14606734,4230.67414
1461,7/16/15,19.26969352,4046.63564
1462,7/17/15,20.3877661,4281.43088
1463,7/18/15,12.60289555,2646.608066
1464,7/19/15,16.72259103,3511.744116
1465,7/20/15,17.26043775,3624.691928
1466,7/21/15,18.82582243,3953.42271
1467,7/22/15,20.62239631,4330.703225
1468,7/23/15,19.25798514,4044.17688
1469,7/24/15,14.80092574,3108.194405
1470,7/25/15,20.99284756,4408.497988
1471,7/26/15,20.41876586,4287.940832
1472,7/27/15,19.1448698,4020.422658
1473,7/28/15,17.45755057,3666.08562
1474,7/29/15,13.18400683,2768.641434
1475,7/30/15,16.80323139,3528.678592
1476,7/31/15,14.51567584,3048.291926
1477,8/1/15,14.61157651,3068.431066
1478,8/2/15,18.54680531,3894.829114
1479,8/3/15,18.74857368,3937.200472
1480,8/4/15,19.5918011,4114.278231
1481,8/5/15,19.16273167,4024.17365
1482,8/6/15,13.07111571,2744.934298
1483,8/7/15,17.3215913,3637.534173
1484,8/8/15,16.92449083,3554.143075
1485,8/9/15,16.9926628,3568.459189
1486,8/10/15,14.46822238,3038.3267
1487,8/11/15,12.15721176,2553.014469
1488,8/12/15,14.90289634,3129.608231
1489,8/13/15,15.95059568,3349.625093
1490,8/14/15,17.81424964,3740.992425
1491,8/15/15,15.71058571,3299.222999
1492,8/16/15,21.26908138,4466.50709
1493,8/17/15,22.84675101,4797.817712
1494,8/18/15,19.95332616,4190.198493
1495,8/19/15,18.75356094,3938.247798
1496,8/20/15,16.94353112,3558.141534
1497,8/21/15,16.59095692,3484.100953
1498,8/22/15,16.36688203,3437.045225
1499,8/23/15,16.92579852,3554.417689
1500,8/24/15,16.37821348,3439.424831
1501,8/25/15,11.87786368,2494.351374
1502,8/26/15,14.79133902,3106.181194
1503,8/27/15,14.88504741,3125.859955
1504,8/28/15,14.72523736,3092.299846
1505,8/29/15,17.33685235,3640.738994
1506,8/30/15,17.16721695,3605.11556
1507,8/31/15,16.73227222,3513.777167
1508,9/1/15,14.79108391,3106.127621
1509,9/2/15,13.29430879,2791.804845
1510,9/3/15,17.76948029,3731.59086
1511,9/4/15,15.23991143,3200.381401
1512,9/5/15,15.56091002,3267.791104
1513,9/6/15,13.8832999,2915.492979
1514,9/7/15,10.43389489,2191.117927
1515,9/8/15,15.50643676,3256.351719
1516,9/9/15,10.67700789,2242.171657
1517,9/10/15,11.20383702,2352.805774
1518,9/11/15,14.66163184,3078.942687
1519,9/12/15,15.84912004,3328.315208
1520,9/13/15,14.71677301,3090.522333
1521,9/14/15,11.40788612,2395.656086
1522,9/15/15,13.59554844,2855.065172
1523,9/16/15,16.35061291,3433.628712
1524,9/17/15,14.06454652,2953.554769
1525,9/18/15,14.33446108,3010.236827
1526,9/19/15,14.79120673,3106.153414
1527,9/20/15,15.85345744,3329.226063
1528,9/21/15,7.810699042,1640.246799
1529,9/22/15,10.19928327,2141.849487
1530,9/23/15,12.21825376,2565.83329
1531,9/24/15,13.61675518,2859.518588
1532,9/25/15,18.33541116,3850.436344
1533,9/26/15,15.92221091,3343.664292
1534,9/27/15,13.31545903,2796.246397
1535,9/28/15,12.92977621,2715.253004
1536,9/29/15,12.87083937,2702.876269
1537,9/30/15,2.358342876,495.252004
1538,10/1/15,16.8373683,3535.847342
1539,10/2/15,16.16155419,3393.926379
1540,10/3/15,14.12372194,2965.981607
1541,10/4/15,19.23567747,4039.492269
1542,10/5/15,11.88782529,2496.44331
1543,10/6/15,4.953819769,1040.302152
1544,10/7/15,10.77595513,2262.950577
1545,10/8/15,11.73439392,2464.222723
1546,10/9/15,16.52874027,3471.035457
1547,10/10/15,11.29525646,2372.003857
1548,10/11/15,11.8631897,2491.269836
1549,10/12/15,10.11419014,2123.979928
1550,10/13/15,11.99899235,2519.788394
1551,10/14/15,11.82010109,2482.22123
1552,10/15/15,12.23892788,2570.174855
1553,10/16/15,11.91731764,2502.636705
1554,10/17/15,9.910213514,2081.144838
1555,10/18/15,11.2218682,2356.592322
1556,10/19/15,8.273419038,1737.417998
1557,10/20/15,7.579601345,1591.716283
1558,10/21/15,9.29076674,1951.061015
1559,10/22/15,10.01954485,2104.104418
1560,10/23/15,10.27391004,2157.521108
1561,10/24/15,12.03807445,2527.995635
1562,10/25/15,11.71998533,2461.19692
1563,10/26/15,10.82631445,2273.526034
1564,10/27/15,11.00682059,2311.432325
1565,10/28/15,9.442209373,1982.863968
1566,10/29/15,10.17125606,2135.963773
1567,10/30/15,10.35685648,2174.939861
1568,10/31/15,10.75927917,2259.448626
1569,11/1/15,10.47571945,2199.901085
1570,11/2/15,11.66906248,2450.503121
1571,11/3/15,13.30235085,2793.493679
1572,11/4/15,10.14901671,2131.29351
1573,11/5/15,9.564859656,2008.620528
1574,11/6/15,10.95273439,2300.074223
1575,11/7/15,11.4058833,2395.235493
1576,11/8/15,11.62603215,2441.466752
1577,11/9/15,10.7448187,2256.411928
1578,11/10/15,12.71728162,2670.629139
1579,11/11/15,11.3241447,2378.070387
1580,11/12/15,11.00958904,2312.013698
1581,11/13/15,12.14337584,2550.108925
1582,11/14/15,10.6997161,2246.940382
1583,11/15/15,5.081406338,1067.095331
1584,11/16/15,14.92860718,3135.007508
1585,11/17/15,11.34099246,2381.608416
1586,11/18/15,9.463604938,1987.357037
1587,11/19/15,9.01548872,1893.252631
1588,11/20/15,9.334067711,1960.154219
1589,11/21/15,11.23292018,2358.913238
1590,11/22/15,11.50340107,2415.714225
1591,11/23/15,9.549006427,2005.29135
1592,11/24/15,9.77476064,2052.699734
1593,11/25/15,9.240407903,1940.48566
1594,11/26/15,9.735965915,2044.552842
1595,11/27/15,9.422216395,1978.665443
1596,11/28/15,9.697932571,2036.56584
1597,11/29/15,10.82269825,2272.766632
1598,11/30/15,9.281126683,1949.036604
1599,12/1/15,9.808331746,2059.749667
1600,12/2/15,10.4032933,2184.691594
1601,12/3/15,10.18636313,2139.136256
1602,12/4/15,9.713243383,2039.78111
1603,12/5/15,9.659431165,2028.480545
1604,12/6/15,8.634068487,1813.154382
1605,12/7/15,9.636047765,2023.570031
1606,12/8/15,9.234821722,1939.312562
1607,12/9/15,8.003550034,1680.745507
1608,12/10/15,8.929471334,1875.18898
1609,12/11/15,8.459819715,1776.56214
1610,12/12/15,11.40158682,2394.333232
1611,12/13/15,8.183982157,1718.636253
1612,12/14/15,8.03015063,1686.331632
1613,12/15/15,7.873586302,1653.453123
1614,12/16/15,8.164141667,1714.46975
1615,12/17/15,8.254659235,1733.478439
1616,12/18/15,9.156978423,1922.965469
1617,12/19/15,7.589990588,1593.898024
1618,12/20/15,8.639209558,1814.234007
1619,12/21/15,7.342656812,1541.95793
1620,12/22/15,4.143128596,870.0570051
1621,12/23/15,6.381468278,1340.108338
1622,12/24/15,6.133849504,1288.108396
1623,12/25/15,10.05594232,2111.747887
1624,12/26/15,20.24405547,4251.251648
1625,12/27/15,10.3762381,2179.010001
1626,12/28/15,9.181792826,1928.176493
1627,12/29/15,9.584134798,2012.668308
1628,12/30/15,8.625673503,1811.391436
1629,12/31/15,9.500522425,1995.109709
1630,1/1/16,8.867356563,1862.144878
1631,1/2/16,12.65956891,2658.50947
1632,1/3/16,13.33054917,2799.415325
1633,1/4/16,6.997132223,1469.397767
1634,1/5/16,2.59721602,545.4153642
1635,1/6/16,9.920795321,2083.367017
1636,1/7/16,5.437107749,1141.792627
1637,1/8/16,6.130406915,1287.385452
1638,1/9/16,7.22467283,1517.181294
1639,1/10/16,5.449128915,1144.317072
1640,1/11/16,3.948336485,829.1506618
1641,1/12/16,5.783640275,1214.564458
1642,1/13/16,9.470365938,1988.776847
1643,1/14/16,8.428870551,1770.062816
1644,1/15/16,7.079513292,1486.697791
1645,1/16/16,7.67818779,1612.419436
1646,1/17/16,8.729578468,1833.211478
1647,1/18/16,7.217810152,1515.740132
1648,1/19/16,8.827388665,1853.75162
1649,1/20/16,9.924364373,2084.116518
1650,1/21/16,9.744832453,2046.414815
1651,1/22/16,10.84494248,2277.43792
1652,1/23/16,9.821980447,2062.615894
1653,1/24/16,13.6037767,2856.793108
1654,1/25/16,10.25508577,2153.568012
1655,1/26/16,12.56127195,2637.867109
1656,1/27/16,12.38841601,2601.567363
1657,1/28/16,10.74303189,2256.036698
1658,1/29/16,9.906801804,2080.428379
1659,1/30/16,10.35302655,2174.135576
1660,1/31/16,15.09378836,3169.695555
1661,2/1/16,16.34509621,3432.470205
1662,2/2/16,15.03575254,3157.508034
1663,2/3/16,11.316618,2376.489781
1664,2/4/16,10.13954731,2129.304935
1665,2/5/16,11.53484123,2422.316657
1666,2/6/16,12.87638641,2704.041146
1667,2/7/16,10.38057457,2179.920659
1668,2/8/16,11.57686738,2431.14215
1669,2/9/16,12.64782575,2656.043407
1670,2/10/16,10.86257951,2281.141697
1671,2/11/16,10.67068545,2240.843945
1672,2/12/16,11.24789389,2362.057716
1673,2/13/16,11.74675075,2466.817659
1674,2/14/16,11.62101879,2440.413947
1675,2/15/16,11.51240719,2417.605509
1676,2/16/16,11.40628744,2395.320362
1677,2/17/16,11.90929493,2500.951935
1678,2/18/16,11.68624245,2454.110914
1679,2/19/16,8.67763589,1822.303537
1680,2/20/16,13.79421453,2896.785051
1681,2/21/16,14.6192971,3070.052392
1682,2/22/16,19.44528233,4083.509288
1683,2/23/16,18.95753092,3981.081494
1684,2/24/16,14.82863227,3114.012777
1685,2/25/16,13.85399901,2909.339793
1686,2/26/16,13.71858415,2880.902671
1687,2/27/16,13.81857762,2901.9013
1688,2/28/16,13.58738552,2853.350959
1689,2/29/16,14.03036079,2946.375766
1690,3/1/16,13.70421593,2877.885345
1691,3/2/16,14.12308555,2965.847965
1692,3/3/16,13.5103825,2837.180325
1693,3/4/16,13.35927509,2805.44777
1694,3/5/16,11.24889904,2362.268798
1695,3/6/16,15.48957619,3252.811
1696,3/7/16,16.89339252,3547.612429
1697,3/8/16,18.80500032,3949.050067
1698,3/9/16,14.4634354,3037.321434
1699,3/10/16,14.61435498,3069.014545
1700,3/11/16,14.7093317,3088.959657
1701,3/12/16,18.53918516,3893.228883
1702,3/13/16,14.36183516,3015.985384
1703,3/14/16,14.49916706,3044.825082
1704,3/15/16,13.45834627,2826.252716
1705,3/16/16,14.86525268,3121.703063
1706,3/17/16,15.72779863,3302.837713
1707,3/18/16,16.9820813,3566.237073
1708,3/19/16,15.72697949,3302.665693
1709,3/20/16,15.42459621,3239.165205
1710,3/21/16,16.36056818,3435.719318
1711,3/22/16,24.10218232,5061.458287
1712,3/23/16,19.11829221,4014.841364
1713,3/24/16,16.10657288,3382.380304
1714,3/25/16,18.17061209,3815.82854
1715,3/26/16,19.11541203,4014.236526
1716,3/27/16,16.00483819,3361.016021
1717,3/28/16,20.86054742,4380.714958
1718,3/29/16,19.75831597,4149.246354
1719,3/30/16,15.95161171,3349.838459
1720,3/31/16,15.85926501,3330.445653
1721,4/1/16,15.13852521,3179.090294
1722,4/2/16,15.82301852,3322.833889
1723,4/3/16,15.74811273,3307.103674
1724,4/4/16,15.04596907,3159.653505
1725,4/5/16,14.13241172,2967.806461
1726,4/6/16,16.26023443,3414.64923
1727,4/7/16,13.85088646,2908.686157
1728,4/8/16,11.94708437,2508.887717
1729,4/9/16,14.28420136,2999.682286
1730,4/10/16,7.383155136,1550.462579
1731,4/11/16,13.20329611,2772.692183
1732,4/12/16,15.56713211,3269.097743
1733,4/13/16,15.42102482,3238.415212
1734,4/14/16,17.74145291,3725.705111
1735,4/15/16,27.02446877,5675.138442
1736,4/16/16,20.5363639,4312.63642
1737,4/17/16,18.71823185,3930.828689
1738,4/18/16,17.84763549,3748.003454
1739,4/19/16,17.85639165,3749.842247
1740,4/20/16,17.14387088,3600.212885
1741,4/21/16,17.50952604,3677.000468
1742,4/22/16,19.47287704,4089.304178
1743,4/23/16,21.73674168,4564.715752
1744,4/24/16,20.54428747,4314.300368
1745,4/25/16,33.04588574,6939.636006
1746,4/26/16,21.44112794,4502.636867
1747,4/27/16,20.10155431,4221.326404
1748,4/28/16,21.07265265,4425.257057
1749,4/29/16,20.01935112,4204.063736
1750,4/30/16,12.06270663,2533.168392
1751,5/1/16,12.20658592,2563.383043
1752,5/2/16,16.21087871,3404.284528
1753,5/3/16,16.00774091,3361.625591
1754,5/4/16,21.1975764,4451.491045
1755,5/5/16,24.95403318,5240.346967
1756,5/6/16,13.16769467,2765.215881
1757,5/7/16,14.70550934,3088.156961
1758,5/8/16,16.19891217,3401.771555
1759,5/9/16,16.50587824,3466.23443
1760,5/10/16,17.71087043,3719.282791
1761,5/11/16,16.37448538,3438.64193
1762,5/12/16,14.99287763,3148.504302
1763,5/13/16,15.71958128,3301.112069
1764,5/14/16,20.56861662,4319.40949
1765,5/15/16,19.73747786,4144.870351
1766,5/16/16,19.61349046,4118.832997
1767,5/17/16,17.0374844,3577.871724
1768,5/18/16,13.60758849,2857.593583
1769,5/19/16,16.18229425,3398.281793
1770,5/20/16,23.49542634,4934.039532
1771,5/21/16,23.16442711,4864.529694
1772,5/22/16,20.57971522,4321.740195
1773,5/23/16,17.76602106,3730.864423
1774,5/24/16,19.38142975,4070.100248
1775,5/25/16,20.84425957,4377.29451
1776,5/26/16,19.10503449,4012.057244
1777,5/27/16,15.51606011,3258.372624
1778,5/28/16,17.8296153,3744.219212
1779,5/29/16,18.12209885,3805.640758
1780,5/30/16,14.91980164,3133.158345
1781,5/31/16,16.84669776,3537.80653
1782,6/1/16,20.99656655,4409.278976
1783,6/2/16,18.09662844,3800.291972
1784,6/3/16,17.66698496,3710.066841
1785,6/4/16,17.51060336,3677.226706
1786,6/5/16,17.11782052,3594.742309
1787,6/6/16,17.39482097,3652.912404
1788,6/7/16,17.1861544,3609.092425
1789,6/8/16,20.04543889,4209.542166
1790,6/9/16,20.74820346,4357.122726
1791,6/10/16,17.23291661,3618.912489
1792,6/11/16,14.58040308,3061.884647
1793,6/12/16,18.98268386,3986.363611
1794,6/13/16,19.09809886,4010.60076
1795,6/14/16,17.80121608,3738.255378
1796,6/15/16,17.8430043,3747.030903
1797,6/16/16,17.59076962,3694.06162
1798,6/17/16,16.08595511,3378.050574
1799,6/18/16,16.97781169,3565.340455
1800,6/19/16,17.06559715,3583.775401
1801,6/20/16,21.62797415,4541.874571
1802,6/21/16,20.47850287,4300.485602
1803,6/22/16,21.11675122,4434.517756
1804,6/23/16,20.54982571,4315.463399
1805,6/24/16,17.60293447,3696.616239
1806,6/25/16,18.4273352,3869.740392
1807,6/26/16,15.33814377,3221.010192
1808,6/27/16,14.44619077,3033.700061
1809,6/28/16,17.80547501,3739.149753
1810,6/29/16,20.42853239,4289.991802
1811,6/30/16,13.64409575,2865.260108
1812,7/1/16,17.53627351,3682.617437
1813,7/2/16,18.44445879,3873.336346
1814,7/3/16,18.46544668,3877.743802
1815,7/4/16,20.98567537,4406.991828
1816,7/5/16,20.76136713,4359.887097
1817,7/6/16,22.36178456,4695.974757
1818,7/7/16,20.5271012,4310.691252
1819,7/8/16,19.46380369,4087.398776
1820,7/9/16,20.82465019,4373.17654
1821,7/10/16,23.49867143,4934.720999
1822,7/11/16,23.04299605,4839.02917
1823,7/12/16,20.3971546,4283.402465
1824,7/13/16,18.43824552,3872.031558
1825,7/14/16,20.38170778,4280.158634
1826,7/15/16,22.67823722,4762.429816
1827,7/16/16,19.89398297,4177.736423
1828,7/17/16,14.47274059,3039.275523
1829,7/18/16,16.61562951,3489.282197
1830,7/19/16,17.23080808,3618.469696
1831,7/20/16,15.85935326,3330.464185
1832,7/21/16,16.00245207,3360.514934
1833,7/22/16,20.30156558,4263.328771
1834,7/23/16,21.59073743,4534.054859
1835,7/24/16,23.00478958,4831.005812
1836,7/25/16,20.16872451,4235.432146
1837,7/26/16,18.32415429,3848.072401
1838,7/27/16,19.68807592,4134.495943
1839,7/28/16,17.28771522,3630.420196
1840,7/29/16,23.16216706,4864.055083
1841,7/30/16,17.60921717,3697.935605
1842,7/31/16,0.366106444,76.88235333
1843,8/1/16,15.20073975,3192.155347
1844,8/2/16,13.07042761,2744.789798
1845,8/3/16,14.6935471,3085.644891
1846,8/4/16,14.92352632,3133.940527
1847,8/5/16,9.598452085,2015.674938
1848,8/6/16,15.24705893,3201.882375
1849,8/7/16,16.72886399,3513.061438
1850,8/8/16,19.87220961,4173.164017
1851,8/9/16,16.8162215,3531.406514
1852,8/10/16,13.53103528,2841.51741
1853,8/11/16,13.87052344,2912.809922
1854,8/12/16,18.15255926,3812.037444
1855,8/13/16,17.69117413,3715.146568
1856,8/14/16,18.75603881,3938.76815
1857,8/15/16,15.99408,3358.7568
1858,8/16/16,19.42227751,4078.678278
1859,8/17/16,17.99783836,3779.546056
1860,8/18/16,16.65166389,3496.849416
1861,8/19/16,19.89991664,4178.982494
1862,8/20/16,19.05123465,4000.759276
1863,8/21/16,16.00611385,3361.283908
1864,8/22/16,13.78733627,2895.340616
1865,8/23/16,15.05382076,3161.302359
1866,8/24/16,16.90988767,3551.07641
1867,8/25/16,15.09042197,3168.988613
1868,8/26/16,15.41153717,3236.422805
1869,8/27/16,14.59630125,3065.223262
1870,8/28/16,15.10042501,3171.089252
1871,8/29/16,15.51362081,3257.860369
1872,8/30/16,16.84284828,3536.998139
1873,8/31/16,17.2021508,3612.451668
1874,9/1/16,15.83666836,3325.700356
1875,9/2/16,14.35879757,3015.347489
1876,9/3/16,18.71291961,3929.713117
1877,9/4/16,17.97518365,3774.788567
1878,9/5/16,15.96237215,3352.098152
1879,9/6/16,16.41191935,3446.503063
1880,9/7/16,8.32738602,1748.751064
1881,9/8/16,14.56370709,3058.378489
1882,9/9/16,15.01327888,3152.788565
1883,9/10/16,14.50527737,3046.108248
1884,9/11/16,16.26366156,3415.368927
1885,9/12/16,16.99993308,3569.985946
1886,9/13/16,14.70263881,3087.554151
1887,9/14/16,16.23305404,3408.941349
1888,9/15/16,15.4290788,3240.106548
1889,9/16/16,14.18140372,2978.094781
1890,9/17/16,14.18593295,2979.04592
1891,9/18/16,14.38988598,3021.876055
1892,9/19/16,16.34469957,3432.386909
1893,9/20/16,8.899634557,1868.923257
1894,9/21/16,13.45554959,2825.665414
1895,9/22/16,7.294871625,1531.923041
1896,9/23/16,17.35844983,3645.274465
1897,9/24/16,15.62037483,3280.278714
1898,9/25/16,15.09805629,3170.591822
1899,9/26/16,14.93643483,3136.651314
1900,9/27/16,15.58501533,3272.853219
1901,9/28/16,13.30603745,2794.267865
1902,9/29/16,10.26712731,2156.096734
1903,9/30/16,13.17149014,2766.012929
1904,10/1/16,13.29759955,2792.495905
1905,10/2/16,8.256637604,1733.893897
1906,10/3/16,17.36139766,3645.893508
1907,10/4/16,13.54723201,2844.918723
1908,10/5/16,13.39059166,2812.024248
1909,10/6/16,12.08095143,2536.999799
1910,10/7/16,12.85371887,2699.280962
1911,10/8/16,15.10127103,3171.266916
1912,10/9/16,12.65899493,2658.388936
1913,10/10/16,12.67925335,2662.643204
1914,10/11/16,12.44726183,2613.924985
1915,10/12/16,11.37124214,2387.96085
1916,10/13/16,12.57826527,2641.435708
1917,10/14/16,12.48685093,2622.238696
1918,10/15/16,12.30275568,2583.578693
1919,10/16/16,12.55536519,2636.626691
1920,10/17/16,12.80784847,2689.648178
1921,10/18/16,11.79034571,2475.972599
1922,10/19/16,11.66986754,2450.672183
1923,10/20/16,14.43035551,3030.374657
1924,10/21/16,14.00607288,2941.275304
1925,10/22/16,11.62540262,2441.334551
1926,10/23/16,5.492635251,1153.453403
1927,10/24/16,8.08557304,1697.970338
1928,10/25/16,10.49826673,2204.636013
1929,10/26/16,11.19560069,2351.076144
1930,10/27/16,11.82749273,2483.773474
1931,10/28/16,10.18135259,2138.084045
1932,10/29/16,11.78000406,2473.800853
1933,10/30/16,10.38028971,2179.86084
1934,10/31/16,10.82473558,2273.194472
1935,11/1/16,12.1292388,2547.140148
1936,11/2/16,12.29627041,2582.216786
1937,11/3/16,9.65542439,2027.639122
1938,11/4/16,9.267634123,1946.203166
1939,11/5/16,9.620108496,2020.222784
1940,11/6/16,9.352917137,1964.112599
1941,11/7/16,9.329043635,1959.099163
1942,11/8/16,15.57798045,3271.375894
1943,11/9/16,18.35534125,3854.621663
1944,11/10/16,14.12776529,2966.830712
1945,11/11/16,12.94390268,2718.219564
1946,11/12/16,11.64656108,2445.777827
1947,11/13/16,10.4194376,2188.081897
1948,11/14/16,9.835265324,2065.405718
1949,11/15/16,10.83049947,2274.40489
1950,11/16/16,7.152405694,1502.005196
1951,11/17/16,14.74094758,3095.598993
1952,11/18/16,11.33226996,2379.776692
1953,11/19/16,12.17904807,2557.600094
1954,11/20/16,5.041526968,1058.720663
1955,11/21/16,7.541070811,1583.62487
1956,11/22/16,8.660471311,1818.698975
1957,11/23/16,8.620966665,1810.403
1958,11/24/16,11.34589451,2382.637848
1959,11/25/16,13.00417665,2730.877096
1960,11/26/16,8.285368129,1739.927307
1961,11/27/16,13.33604137,2800.568688
1962,11/28/16,6.292912438,1321.511612
1963,11/29/16,9.332291773,1959.781272
1964,11/30/16,9.290350877,1950.973684
1965,12/1/16,9.123841934,1916.006806
1966,12/2/16,6.337174913,1330.806732
1967,12/3/16,11.51407127,2417.954966
1968,12/4/16,10.04468836,2109.384555
1969,12/5/16,9.793278551,2056.588496
1970,12/6/16,7.615562476,1599.26812
1971,12/7/16,8.495329999,1784.0193
1972,12/8/16,8.024442859,1685.133
1973,12/9/16,8.116305004,1704.424051
1974,12/10/16,8.053284124,1691.189666
1975,12/11/16,8.388903841,1761.669807
1976,12/12/16,7.98903067,1677.696441
1977,12/13/16,7.804236985,1638.889767
1978,12/14/16,7.76878422,1631.444686
1979,12/15/16,7.117592691,1494.694465
1980,12/16/16,10.19822538,2141.62733
1981,12/17/16,16.73411077,3514.163261
1982,12/18/16,9.166818334,1925.03185
1983,12/19/16,11.4097756,2396.052877
1984,12/20/16,8.81064995,1850.236489
1985,12/21/16,5.040529833,1058.511265
1986,12/22/16,2.480511726,520.9074625
1987,12/23/16,3.102202508,651.4625267
1988,12/24/16,3.132338823,657.7911529
1989,12/25/16,8.62740869,1811.755825
1990,12/26/16,8.120025856,1705.20543
1991,12/27/16,8.530966109,1791.502883
1992,12/28/16,4.835687835,1015.494445
1993,12/29/16,9.978748363,2095.537156
1994,12/30/16,9.635822138,2023.522649
1995,12/31/16,6.371912862,1338.101701
1996,1/1/17,5.879044207,1234.599283
1997,1/2/17,6.384527659,1340.750808
1998,1/3/17,5.6645961,1189.565181
1999,1/4/17,7.583238863,1592.480161
2000,1/5/17,9.106831906,1912.4347
2001,1/6/17,11.22902309,2358.094849
2002,1/7/17,6.99397568,1468.734893
2003,1/8/17,8.844374529,1857.318651
2004,1/9/17,4.778116071,1003.404375
2005,1/10/17,7.094103534,1489.761742
2006,1/11/17,7.552394973,1586.002944
2007,1/12/17,7.84641616,1647.747394
2008,1/13/17,4.804329643,1008.909225
2009,1/14/17,8.105849823,1702.228463
2010,1/15/17,6.084614794,1277.769107
2011,1/16/17,6.859970355,1440.593775
2012,1/17/17,6.470066387,1358.713941
2013,1/18/17,8.874547703,1863.655018
2014,1/19/17,4.48902515,942.6952816
2015,1/20/17,3.064722132,643.5916476
2016,1/21/17,13.72326967,2881.886631
2017,1/22/17,7.747098325,1626.890648
2018,1/23/17,4.663158412,979.2632665
2019,1/24/17,10.89596322,2288.152277
2020,1/25/17,9.535342002,2002.42182
2021,1/26/17,10.82785305,2273.84914
2022,1/27/17,18.22958897,3828.213683
2023,1/28/17,12.62079927,2650.367847
2024,1/29/17,13.1359935,2758.558635
2025,1/30/17,11.41709096,2397.589102
2026,1/31/17,10.79615441,2267.192427
2027,2/1/17,11.04410961,2319.263017
2028,2/2/17,9.236598191,1939.68562
2029,2/3/17,8.012602605,1682.646547
2030,2/4/17,10.51345477,2207.825502
2031,2/5/17,11.48051163,2410.907443
2032,2/6/17,6.00343456,1260.721258
2033,2/7/17,10.24659389,2151.784716
2034,2/8/17,9.823646596,2062.965785
2035,2/9/17,9.829317625,2064.156701
2036,2/10/17,10.3863108,2181.125268
2037,2/11/17,11.40418166,2394.878148
2038,2/12/17,8.553055232,1796.141599
2039,2/13/17,9.565640272,2008.784457
2040,2/14/17,9.337745317,1960.926516
2041,2/15/17,17.72818303,3722.918437
2042,2/16/17,12.76428579,2680.500017
2043,2/17/17,15.3512023,3223.752482
2044,2/18/17,6.272736151,1317.274592
2045,2/19/17,5.736015208,1204.563194
2046,2/20/17,9.769816221,2051.661406
2047,2/21/17,10.78592767,2265.044811
2048,2/22/17,11.38660714,2391.1875
2049,2/23/17,20.41742105,4287.658421
2050,2/24/17,14.3641987,3016.481728
2051,2/25/17,13.1628647,2764.201586
2052,2/26/17,14.1211911,2965.450131
2053,2/27/17,6.103462451,1281.727115
2054,2/28/17,11.69075444,2455.058432
2055,3/1/17,12.7840066,2684.641385
2056,3/2/17,17.01014632,3572.130727
2057,3/3/17,12.78775229,2685.427981
2058,3/4/17,12.49410934,2623.762962
2059,3/5/17,11.52609047,2420.478998
2060,3/6/17,17.74696181,3726.86198
2061,3/7/17,14.88239425,3125.302792
2062,3/8/17,14.82538795,3113.331469
2063,3/9/17,14.64347071,3075.128849
2064,3/10/17,14.28536321,2999.926275
2065,3/11/17,14.63901747,3074.193668
2066,3/12/17,15.25408594,3203.358048
2067,3/13/17,14.42770945,3029.818985
2068,3/14/17,14.69961145,3086.918404
2069,3/15/17,12.6243097,2651.105036
2070,3/16/17,14.11359717,2963.855405
2071,3/17/17,15.15655298,3182.876126
2072,3/18/17,14.73142388,3093.599014
2073,3/19/17,14.64446862,3075.33841
2074,3/20/17,16.22357002,3406.949704
2075,3/21/17,16.17963927,3397.724247
2076,3/22/17,13.95227247,2929.977219
2077,3/23/17,17.15650251,3602.865527
2078,3/24/17,15.91582064,3342.322334
2079,3/25/17,16.70546645,3508.147955
2080,3/26/17,15.49832551,3254.648357
2081,3/27/17,18.3139236,3845.923955
2082,3/28/17,19.85152114,4168.81944
2083,3/29/17,20.3208907,4267.387047
2084,3/30/17,25.45358325,5345.252482
2085,3/31/17,21.43078979,4500.465857
2086,4/1/17,14.62058676,3070.323219
2087,4/2/17,18.32149176,3847.51327
2088,4/3/17,21.65429681,4547.402331
2089,4/4/17,16.23046674,3408.398015
2090,4/5/17,18.15086687,3811.682042
2091,4/6/17,16.60877735,3487.843244
2092,4/7/17,16.17887255,3397.563236
2093,4/8/17,20.5115016,4307.415335
2094,4/9/17,18.37140668,3857.995403
2095,4/10/17,15.3555095,3224.656996
2096,4/11/17,16.27651689,3418.068547
2097,4/12/17,16.68654295,3504.17402
2098,4/13/17,18.17229632,3816.182227
2099,4/14/17,18.79345371,3946.625278
2100,4/15/17,17.02677379,3575.622495
2101,4/16/17,16.23017765,3408.337307
2102,4/17/17,16.54070459,3473.547965
2103,4/18/17,19.40031931,4074.067055
2104,4/19/17,22.00221173,4620.464462
2105,4/20/17,17.47164544,3669.045542
2106,4/21/17,17.7077833,3718.634492
2107,4/22/17,15.33953336,3221.302005
2108,4/23/17,18.73581435,3934.521013
2109,4/24/17,21.51310575,4517.752207
2110,4/25/17,25.19208442,5290.337729
2111,4/26/17,18.26078368,3834.764572
2112,4/27/17,20.4680317,4298.286656
2113,4/28/17,23.87790518,5014.360089
2114,4/29/17,18.27333894,3837.401176
2115,4/30/17,14.85154154,3118.823724
2116,5/1/17,15.34636943,3222.737581
2117,5/2/17,17.53502964,3682.356225
2118,5/3/17,16.98506029,3566.86266
2119,5/4/17,15.46270119,3247.167249
2120,5/5/17,20.15543462,4232.64127
2121,5/6/17,24.56695075,5159.059657
2122,5/7/17,17.1474266,3600.959586
2123,5/8/17,18.63054587,3912.414633
2124,5/9/17,12.44777104,2614.031919
2125,5/10/17,17.26420458,3625.482963
2126,5/11/17,17.44506742,3663.464158
2127,5/12/17,17.55850711,3687.286493
2128,5/13/17,21.90178418,4599.374677
2129,5/14/17,20.29439856,4261.823698
2130,5/15/17,23.45879662,4926.34729
2131,5/16/17,19.10560316,4012.176664
2132,5/17/17,21.12235199,4435.693917
2133,5/18/17,18.6335551,3913.046571
2134,5/19/17,15.75400171,3308.340359
2135,5/20/17,14.37446201,3018.637022
2136,5/21/17,16.29680254,3422.328533
2137,5/22/17,19.49359333,4093.654598
2138,5/23/17,15.19604723,3191.169919
2139,5/24/17,20.39107351,4282.125436
2140,5/25/17,24.21493238,5085.1358
2141,5/26/17,16.59044668,3483.993802
2142,5/27/17,15.47688276,3250.145379
2143,5/28/17,14.83544498,3115.443446
2144,5/29/17,15.56194607,3268.008676
2145,5/30/17,17.01438015,3573.019832
2146,5/31/17,20.12539562,4226.333081
2147,6/1/17,20.07474801,4215.697081
2148,6/2/17,19.06083478,4002.775303
2149,6/3/17,20.5510564,4315.721845
2150,6/4/17,21.64438249,4545.320323
2151,6/5/17,21.56003719,4527.60781
2152,6/6/17,21.14778904,4441.035698
2153,6/7/17,19.50775641,4096.628846
2154,6/8/17,18.85519921,3959.591834
2155,6/9/17,20.57994635,4321.788734
2156,6/10/17,20.99378542,4408.694938
2157,6/11/17,22.86098109,4800.806028
2158,6/12/17,17.89258474,3757.442795
2159,6/13/17,14.58966873,3063.830433
2160,6/14/17,14.79141945,3106.198085
2161,6/15/17,14.83697642,3115.765048
2162,6/16/17,16.61567024,3489.290751
2163,6/17/17,17.65790702,3708.160474
2164,6/18/17,20.01174365,4202.466167
2165,6/19/17,18.14532231,3810.517685
2166,6/20/17,13.78085958,2893.980511
2167,6/21/17,20.99965716,4409.928004
2168,6/22/17,23.392786,4912.48506
2169,6/23/17,22.25256519,4673.03869
2170,6/24/17,19.41633796,4077.430972
2171,6/25/17,19.21630737,4035.424548
2172,6/26/17,19.42170976,4078.559049
2173,6/27/17,17.82416562,3743.07478
2174,6/28/17,21.38819979,4491.521957
2175,6/29/17,15.26325163,3205.282842
2176,6/30/17,17.95345481,3770.225509
2177,7/1/17,15.91383437,3341.905219
2178,7/2/17,18.95342123,3980.218459
2179,7/3/17,19.36622826,4066.907934
2180,7/4/17,20.83992074,4376.383356
2181,7/5/17,21.41809594,4497.800148
2182,7/6/17,19.41261411,4076.648962
2183,7/7/17,17.0834991,3587.534811
2184,7/8/17,18.53678753,3892.725381
2185,7/9/17,19.29831751,4052.646677
2186,7/10/17,17.7595322,3729.501763
2187,7/11/17,14.2040544,2982.851425
2188,7/12/17,17.33715926,3640.803445
2189,7/13/17,19.80524355,4159.101145
2190,7/14/17,16.79429924,3526.80284
2191,7/15/17,16.43647176,3451.65907
2192,7/16/17,15.71858637,3300.903138
2193,7/17/17,10.64254562,2234.934579
2194,7/18/17,14.19298714,2980.5273
2195,7/19/17,12.95969202,2721.535325
2196,7/20/17,14.9720675,3144.134175
2197,7/21/17,15.58464044,3272.774492
2198,7/22/17,14.91070163,3131.247343
2199,7/23/17,15.14076522,3179.560697
2200,7/24/17,6.775090007,1422.768902
2201,7/25/17,11.49956971,2414.90964
2202,7/26/17,15.30422182,3213.886581
2203,7/27/17,19.40420174,4074.882365
2204,7/28/17,13.6742898,2871.600858
2205,7/29/17,13.24390913,2781.220917
2206,7/30/17,11.26620263,2365.902553
2207,7/31/17,14.25197504,2992.914759
2208,8/1/17,11.02809086,2315.899081
2209,8/2/17,9.499408778,1994.875843
2210,8/3/17,13.75934686,2889.462841
2211,8/4/17,14.3537792,3014.293631
2212,8/5/17,16.56849051,3479.383008
2213,8/6/17,15.84787823,3328.054428
2214,8/7/17,15.96087875,3351.784538
2215,8/8/17,15.27395278,3207.530083
2216,8/9/17,15.75740938,3309.05597
2217,8/10/17,12.07403051,2535.546407
2218,8/11/17,13.39163012,2812.242326
2219,8/12/17,14.24826813,2992.136308
2220,8/13/17,12.20572455,2563.202156
2221,8/14/17,14.49767283,3044.511295
2222,8/15/17,17.4705424,3668.813904
2223,8/16/17,15.41475938,3237.099471
2224,8/17/17,15.23419447,3199.180838
2225,8/18/17,14.74968292,3097.433413
2226,8/19/17,15.78439364,3314.722665
2227,8/20/17,10.36341583,2176.317325
2228,8/21/17,13.25132442,2782.778128
2229,8/22/17,13.50021863,2835.045912
2230,8/23/17,15.49100664,3253.111394
2231,8/24/17,14.06640997,2953.946093
2232,8/25/17,13.31781879,2796.741945
2233,8/26/17,14.9764899,3145.062879
2234,8/27/17,14.48922179,3042.736576
2235,8/28/17,15.63392264,3283.123754
2236,8/29/17,15.00613356,3151.288048
2237,8/30/17,14.44426548,3033.295751
2238,8/31/17,15.29232471,3211.388189
2239,9/1/17,13.63179438,2862.67682
2240,9/2/17,13.20137627,2772.289016
2241,9/3/17,16.21002363,3404.104963
2242,9/4/17,15.98925739,3357.744052
2243,9/5/17,13.62325034,2860.882572
2244,9/6/17,13.27539469,2787.832884
2245,9/7/17,13.61638815,2859.441512
2246,9/8/17,11.42483193,2399.214706
2247,9/9/17,10.96559702,2302.775375
2248,9/10/17,12.6794744,2662.689624
2249,9/11/17,13.8959415,2918.147716
2250,9/12/17,13.50060083,2835.126174
2251,9/13/17,14.18319652,2978.471268
2252,9/14/17,15.09901428,3170.793
2253,9/15/17,13.90002428,2919.0051
2254,9/16/17,13.70720918,2878.513928
2255,9/17/17,14.00952842,2942.000969
2256,9/18/17,13.96095225,2931.799973
2257,9/19/17,14.83162047,3114.640298
2258,9/20/17,14.39241154,3022.406424
2259,9/21/17,14.76113707,3099.838784
2260,9/22/17,16.96342777,3562.319831
2261,9/23/17,15.79321955,3316.576106
2262,9/24/17,14.88550133,3125.955279
2263,9/25/17,13.87346201,2913.427023
2264,9/26/17,12.06106444,2532.823532
2265,9/27/17,12.96494161,2722.637739
2266,9/28/17,12.32440516,2588.125083
2267,9/29/17,12.88502781,2705.855839
2268,9/30/17,12.66765388,2660.207316
2269,10/1/17,12.96758537,2723.192928
2270,10/2/17,13.20362933,2772.762159
2271,10/3/17,12.33890398,2591.169837
2272,10/4/17,11.83558695,2485.473259
2273,10/5/17,13.59020074,2853.942156
2274,10/6/17,14.75521977,3098.596152
2275,10/7/17,11.9711971,2513.951391
2276,10/8/17,13.09831086,2750.64528
2277,10/9/17,13.52951891,2841.198971
2278,10/10/17,12.44293109,2613.01553
2279,10/11/17,12.59083836,2644.076056
2280,10/12/17,11.31154848,2375.42518
2281,10/13/17,10.93160193,2295.636405
2282,10/14/17,10.71093968,2249.297333
2283,10/15/17,11.78038909,2473.881708
2284,10/16/17,12.0755148,2535.858108
2285,10/17/17,10.07269571,2115.2661
2286,10/18/17,10.56447881,2218.54055
2287,10/19/17,11.18674326,2349.216084
2288,10/20/17,12.1691785,2555.527485
2289,10/21/17,10.76138713,2259.891297
2290,10/22/17,10.29717813,2162.407408
2291,10/23/17,10.71103835,2249.318053
2292,10/24/17,12.8586373,2700.313832
2293,10/25/17,11.93635883,2506.635353
2294,10/26/17,11.01611224,2313.38357
2295,10/27/17,10.9609392,2301.797232
2296,10/28/17,9.781768897,2054.171468
2297,10/29/17,9.843834092,2067.205159
2298,10/30/17,8.138472755,1709.079278
2299,10/31/17,1.405201954,295.0924104
2300,11/1/17,9.859754985,2070.548547
2301,11/2/17,7.790959198,1636.101432
2302,11/3/17,7.898815355,1658.751225
2303,11/4/17,6.643387922,1395.111464
2304,11/5/17,8.142428641,1709.910015
2305,11/6/17,8.278577041,1738.501179
2306,11/7/17,6.334349776,1330.213453
2307,11/8/17,8.489101288,1782.71127
2308,11/9/17,8.700974955,1827.20474
2309,11/10/17,8.084522641,1697.749755
2310,11/11/17,8.291016219,1741.113406
2311,11/12/17,8.657779329,1818.133659
2312,11/13/17,8.533902875,1792.119604
2313,11/14/17,8.72160668,1831.537403
2314,11/15/17,8.141320363,1709.677276
2315,11/16/17,8.154626495,1712.471564
2316,11/17/17,6.89991922,1448.983036
2317,11/18/17,9.392457177,1972.416007
2318,11/19/17,9.452793356,1985.086605
2319,11/20/17,8.140977445,1709.605263
2320,11/21/17,7.919691225,1663.135157
2321,11/22/17,8.709408128,1828.975707
2322,11/23/17,8.32226642,1747.675948
2323,11/24/17,8.128297336,1706.942441
2324,11/25/17,7.879345843,1654.662627
2325,11/26/17,8.202751007,1722.577711
2326,11/27/17,8.648483901,1816.181619
2327,11/28/17,8.85740385,1860.054808
2328,11/29/17,6.591379856,1384.18977
2329,11/30/17,5.375969773,1128.953652
2330,12/1/17,6.734502079,1414.245437
2331,12/2/17,6.86501843,1441.65387
2332,12/3/17,7.193363857,1510.60641
2333,12/4/17,9.914083353,2081.957504
2334,12/5/17,5.896595827,1238.285124
2335,12/6/17,8.350967544,1753.703184
2336,12/7/17,12.82219701,2692.661372
2337,12/8/17,8.563673198,1798.371372
2338,12/9/17,8.505112104,1786.073542
2339,12/10/17,10.53757689,2212.891148
2340,12/11/17,8.999956999,1889.99097
2341,12/12/17,6.515770719,1368.311851
2342,12/13/17,8.460412804,1776.686689
2343,12/14/17,9.025688615,1895.394609
2344,12/15/17,8.69698904,1826.367698
2345,12/16/17,7.819093877,1642.009714
2346,12/17/17,5.5164848,1158.461808
2347,12/18/17,13.79729398,2897.431736
2348,12/19/17,7.506578339,1576.381451
2349,12/20/17,7.103770569,1491.79182
2350,12/21/17,14.17373862,2976.48511
2351,12/22/17,7.946812463,1668.830617
2352,12/23/17,6.773167936,1422.365267
2353,12/24/17,8.087088958,1698.288681
2354,12/25/17,7.016833022,1473.534935
2355,12/26/17,7.6525946,1607.044866
2356,12/27/17,7.242663044,1520.959239
2357,12/28/17,7.967510748,1673.177257
2358,12/29/17,8.141750212,1709.767545
2359,12/30/17,8.558320109,1797.247223
2360,12/31/17,1.087892847,228.4574978
2361,1/1/18,8.103618251,1701.759833
2362,1/2/18,8.237394285,1729.8528
2363,1/3/18,9.287501023,1950.375215
2364,1/4/18,8.360448556,1755.694197
2365,1/5/18,8.180756608,1717.958888
2366,1/6/18,7.546108541,1584.682794
2367,1/7/18,7.440287978,1562.460475
2368,1/8/18,6.719068944,1411.004478
2369,1/9/18,8.693749425,1825.687379
2370,1/10/18,6.083202779,1277.472584
2371,1/11/18,6.582269333,1382.27656
2372,1/12/18,6.97972875,1465.743038
2373,1/13/18,7.694219668,1615.78613
2374,1/14/18,9.072489665,1905.22283
2375,1/15/18,8.945745111,1878.606473
2376,1/16/18,9.120593941,1915.324728
2377,1/17/18,10.52228355,2209.679546
2378,1/18/18,9.598468858,2015.67846
2379,1/19/18,9.120468822,1915.298453
2380,1/20/18,9.673766521,2031.490969
2381,1/21/18,12.86153408,2700.922157
2382,1/22/18,8.939293666,1877.25167
2383,1/23/18,9.850046901,2068.509849
2384,1/24/18,12.94299245,2718.028415
2385,1/25/18,14.17537521,2976.828794
2386,1/26/18,11.51474374,2418.096186
2387,1/27/18,10.29556791,2162.069261
2388,1/28/18,11.06107036,2322.824776
2389,1/29/18,15.01224694,3152.571856
2390,1/30/18,10.25819,2154.219901
2391,1/31/18,10.69394283,2245.727995
2392,2/1/18,10.23757998,2149.891795
2393,2/2/18,10.40548729,2185.152331
2394,2/3/18,10.91713071,2292.597449
2395,2/4/18,10.91600459,2292.360964
2396,2/5/18,10.90677633,2290.423029
2397,2/6/18,13.47651312,2830.067755
2398,2/7/18,11.59256551,2434.438758
2399,2/8/18,11.76951501,2471.598153
2400,2/9/18,11.93426923,2506.196538
2401,2/10/18,12.1728539,2556.299319
2402,2/11/18,13.656309,2867.82489
2403,2/12/18,7.489732999,1572.84393
2404,2/13/18,8.788695209,1845.625994
2405,2/14/18,2.877098145,604.1906104
2406,2/15/18,6.281174283,1319.046599
2407,2/16/18,5.699917625,1196.982701
2408,2/17/18,8.35313875,1754.159138
2409,2/18/18,10.12260795,2125.747671
2410,2/19/18,14.51766505,3048.709662
2411,2/20/18,13.73038359,2883.380554
2412,2/21/18,13.98232691,2936.288651
2413,2/22/18,14.68121454,3083.055053
2414,2/23/18,13.39957346,2813.910426
2415,2/24/18,13.09677214,2750.32215
2416,2/25/18,12.2015906,2562.334026
2417,2/26/18,12.603368,2646.707281
2418,2/27/18,12.73462873,2674.272034
2419,2/28/18,11.52120474,2419.452995
2420,3/1/18,12.1727241,2556.272061
2421,3/2/18,12.67685574,2662.139705
2422,3/3/18,15.12541562,3176.33728
2423,3/4/18,16.52466635,3470.179933
2424,3/5/18,14.46109305,3036.829542
2425,3/6/18,13.74651322,2886.767776
2426,3/7/18,11.83607824,2485.57643
2427,3/8/18,13.39514535,2812.980524
2428,3/9/18,14.37002319,3017.704869
2429,3/10/18,7.687002225,1614.270467
2430,3/11/18,9.435574158,1981.470573
2431,3/12/18,12.97860842,2725.507769
2432,3/13/18,11.29660743,2372.287559
2433,3/14/18,15.43673416,3241.714174
2434,3/15/18,16.51185718,3467.490008
2435,3/16/18,12.97317246,2724.366216
2436,3/17/18,15.89399041,3337.737986
2437,3/18/18,17.80531457,3739.116059
2438,3/19/18,14.08627236,2958.117195
2439,3/20/18,15.07495733,3165.741039
2440,3/21/18,13.17006443,2765.71353
2441,3/22/18,12.39593287,2603.145904
2442,3/23/18,18.04650601,3789.766263
2443,3/24/18,14.79918862,3107.82961
2444,3/25/18,17.67208498,3711.137845
2445,3/26/18,18.27481237,3837.710598
2446,3/27/18,17.22404753,3617.049981
2447,3/28/18,17.10421795,3591.885769
2448,3/29/18,15.94311892,3348.054974
2449,3/30/18,16.2266972,3407.606412
2450,3/31/18,14.03335655,2947.004876
2451,4/1/18,14.40250878,3024.526845
2452,4/2/18,17.93587583,3766.533924
2453,4/3/18,15.60772395,3277.622029
2454,4/4/18,14.31809333,3006.7996
2455,4/5/18,14.80020786,3108.043651
2456,4/6/18,16.19290718,3400.510508
2457,4/7/18,16.81174981,3530.46746
2458,4/8/18,19.35538361,4064.630558
2459,4/9/18,15.89855039,3338.695582
2460,4/10/18,14.69576546,3086.110747
2461,4/11/18,15.34879879,3223.247745
2462,4/12/18,23.78460768,4994.767612
2463,4/13/18,20.55016455,4315.534556
2464,4/14/18,18.15185116,3811.888744
2465,4/15/18,15.5491603,3265.323664
2466,4/16/18,11.47919059,2410.630025
2467,4/17/18,19.24273093,4040.973496
2468,4/18/18,15.77204561,3312.129578
2469,4/19/18,18.67267996,3921.262791
2470,4/20/18,19.93466251,4186.279126
2471,4/21/18,15.81205149,3320.530814
2472,4/22/18,14.6802798,3082.858758
2473,4/23/18,17.01073126,3572.253564
2474,4/24/18,16.76546671,3520.748009
2475,4/25/18,16.87518049,3543.787902
2476,4/26/18,14.57951654,3061.698473
2477,4/27/18,16.23548968,3409.452833
2478,4/28/18,19.02977071,3996.251849
2479,4/29/18,18.98054659,3985.914784
2480,4/30/18,19.2147309,4035.093489
2481,5/1/18,12.93978113,2717.354037
2482,5/2/18,15.09355647,3169.646858
2483,5/3/18,15.42281305,3238.79074
2484,5/4/18,15.28809706,3210.500382
2485,5/5/18,16.61877977,3489.943752
2486,5/6/18,15.1659841,3184.85666
2487,5/7/18,12.65471475,2657.490097
2488,5/8/18,17.2435981,3621.155601
2489,5/9/18,16.81248115,3530.621041
2490,5/10/18,18.19237341,3820.398417
2491,5/11/18,20.49898038,4304.785881
2492,5/12/18,20.14473845,4230.395074
2493,5/13/18,17.2978795,3632.554695
2494,5/14/18,17.73943508,3725.281367
2495,5/15/18,16.29667632,3422.302026
2496,5/16/18,17.39801119,3653.582351
2497,5/17/18,19.25506586,4043.56383
2498,5/18/18,18.83987715,3956.374201
2499,5/19/18,17.62467335,3701.181403
2500,5/20/18,18.36820541,3857.323136
2501,5/21/18,17.37281135,3648.290384
2502,5/22/18,19.27339828,4047.413639
2503,5/23/18,17.8162359,3741.409539
2504,5/24/18,18.64045254,3914.495034
2505,5/25/18,18.67609483,3921.979915
2506,5/26/18,19.58033237,4111.869797
2507,5/27/18,17.16687238,3605.043199
2508,5/28/18,16.93960441,3557.316925
2509,5/29/18,18.11550995,3804.257089
2510,5/30/18,19.03548643,3997.45215
2511,5/31/18,18.23417715,3829.177202
2512,6/1/18,16.75203214,3517.92675
2513,6/2/18,17.11402134,3593.944481
2514,6/3/18,15.68292336,3293.413905
2515,6/4/18,17.45101098,3664.712307
2516,6/5/18,15.99086645,3358.081955
2517,6/6/18,16.30835958,3424.755511
2518,6/7/18,17.26773215,3626.223751
2519,6/8/18,17.27003889,3626.708168
2520,6/9/18,17.92091596,3763.392352
2521,6/10/18,18.8320813,3954.737073
2522,6/11/18,16.48520396,3461.892832
2523,6/12/18,17.38822344,3651.526922
2524,6/13/18,13.84556215,2907.568052
2525,6/14/18,19.54138128,4103.690069
2526,6/15/18,12.79155661,2686.226887
2527,6/16/18,7.149629139,1501.422119
2528,6/17/18,17.78668145,3735.203105
2529,6/18/18,18.0234719,3784.929099
2530,6/19/18,18.06930462,3794.553971
2531,6/20/18,18.33912445,3851.216135
2532,6/21/18,20.94375165,4398.187846
2533,6/22/18,16.17180736,3396.079547
2534,6/23/18,19.79840462,4157.66497
2535,6/24/18,19.42064351,4078.335138
2536,6/25/18,18.50796642,3886.672948
2537,6/26/18,18.8907956,3967.067076
2538,6/27/18,18.92040366,3973.284769
2539,6/28/18,20.0347038,4207.287798
2540,6/29/18,17.83274747,3744.876969
2541,6/30/18,18.51552827,3888.260938
2542,7/1/18,16.86813824,3542.30903
2543,7/2/18,17.98778996,3777.435891
2544,7/3/18,19.70922092,4138.936394
2545,7/4/18,16.32257773,3427.741324
2546,7/5/18,17.73020466,3723.342978
2547,7/6/18,18.8714662,3963.007902
2548,7/7/18,16.82626728,3533.516129
2549,7/8/18,15.25045518,3202.595587
2550,7/9/18,13.5062702,2836.316743
2551,7/10/18,9.803972185,2058.834159
2552,7/11/18,12.78798092,2685.475994
2553,7/12/18,11.94403738,2508.247849
2554,7/13/18,15.23652748,3199.67077
2555,7/14/18,13.72706397,2882.683433
2556,7/15/18,10.11269732,2123.666438
2557,7/16/18,13.05191594,2740.902348
2558,7/17/18,14.87430861,3123.604809
2559,7/18/18,17.71060581,3719.227219
2560,7/19/18,18.12588331,3806.435495
2561,7/20/18,17.16189114,3603.997139
2562,7/21/18,16.00213141,3360.447596
2563,7/22/18,16.8955947,3548.074887
2564,7/23/18,17.60847668,3697.780104
2565,7/24/18,17.18310471,3608.451989
2566,7/25/18,17.0872179,3588.315759
2567,7/26/18,20.08789408,4218.457756
2568,7/27/18,15.88248049,3335.320903
2569,7/28/18,15.52694765,3260.659007
2570,7/29/18,15.75568881,3308.69465
2571,7/30/18,16.24252751,3410.930777
2572,7/31/18,13.59479013,2854.905928
2573,8/1/18,16.17502245,3396.754714
2574,8/2/18,15.15781494,3183.141138
2575,8/3/18,14.52574678,3050.406824
2576,8/4/18,16.83568063,3535.492933
2577,8/5/18,16.60252114,3486.529439
2578,8/6/18,17.4125528,3656.636088
2579,8/7/18,18.64984888,3916.468265
2580,8/8/18,14.49159342,3043.234619
2581,8/9/18,13.99916317,2939.824266
2582,8/10/18,15.08230675,3167.284417
2583,8/11/18,14.18144388,2978.103215
2584,8/12/18,15.96745479,3353.165507
2585,8/13/18,16.2288672,3408.062112
2586,8/14/18,16.33547513,3430.449778
2587,8/15/18,10.12541271,2126.336668
2588,8/16/18,13.32285913,2797.800417
2589,8/17/18,13.9738626,2934.511147
2590,8/18/18,16.11545451,3384.245447
2591,8/19/18,16.68615147,3504.091809
2592,8/20/18,17.03344064,3577.022534
2593,8/21/18,14.57721919,3061.216031
2594,8/22/18,13.72035334,2881.274201
2595,8/23/18,14.14267048,2969.9608
2596,8/24/18,13.59977629,2855.95302
2597,8/25/18,12.53125451,2631.563446
2598,8/26/18,13.25249304,2783.023539
2599,8/27/18,15.8655615,3331.767915
2600,8/28/18,13.81054,2900.2134
2601,8/29/18,13.57119373,2849.950684
2602,8/30/18,12.73119591,2673.551141
2603,8/31/18,13.93270089,2925.867187
2604,9/1/18,15.20774335,3193.626104
2605,9/2/18,13.69180713,2875.279498
2606,9/3/18,12.97483274,2724.714875
2607,9/4/18,13.17452036,2766.649275
2608,9/5/18,13.16441035,2764.526173
2609,9/6/18,13.13674539,2758.716532
2610,9/7/18,13.27830094,2788.443198
2611,9/8/18,13.95068784,2929.644446
2612,9/9/18,15.59969777,3275.936532
2613,9/10/18,14.09832328,2960.647888
2614,9/11/18,15.79934813,3317.863108
2615,9/12/18,14.8161234,3111.385913
2616,9/13/18,13.4751455,2829.780555
2617,9/14/18,13.19723813,2771.420007
2618,9/15/18,13.90266717,2919.560105
2619,9/16/18,13.34931368,2803.355873
2620,9/17/18,13.2660916,2785.879236
2621,9/18/18,15.83489556,3325.328069
2622,9/19/18,5.431044066,1140.519254
2623,9/20/18,11.32442835,2378.129953
2624,9/21/18,11.52711267,2420.69366
2625,9/22/18,12.50402832,2625.845947
2626,9/23/18,13.53574749,2842.506973
2627,9/24/18,12.93096855,2715.503395
2628,9/25/18,13.24375731,2781.189036
2629,9/26/18,12.09776059,2540.529724
2630,9/27/18,12.1042625,2541.895124
2631,9/28/18,12.06417799,2533.477379
2632,9/29/18,12.78634008,2685.131417
2633,9/30/18,8.869869743,1862.672646
2634,10/1/18,3.633672308,763.0711847
2635,10/2/18,3.768208941,791.3238776
2636,10/3/18,0.312016636,65.52349364